"","","Player","Pos","Age","Tm","G","GS","MP","FG","FGA","FG%","3P","3PA","3P%","2P","2PA","2P%","FT","FTA","FT%","ORB","DRB","TRB","AST","STL","BLK","TOV","PF","PTS"
"1",1,"Quincy Acy","Power Forward",25,"SAC",59,29,876,4.9,8.8,0.556,0.8,2,0.388,4.1,6.8,0.606,2.1,2.8,0.735,2.7,5.1,7.7,1.1,1.2,1,1.1,4.2,12.6
"2",2,"Jordan Adams","Shooting Guard",21,"MEM",2,0,15,4.8,14.4,0.333,0,2.4,0,4.8,12,0.4,7.2,12,0.6,0,4.8,4.8,7.2,7.2,0,4.8,4.8,16.8
"3",4,"Arron Afflalo","Shooting Guard",30,"NYK",71,57,2371,5.4,12.1,0.443,1.4,3.6,0.382,4,8.5,0.469,1.7,2,0.84,0.3,3.7,4,2.2,0.4,0.2,1.2,2.2,13.8
"4",5,"Alexis Ajinca","Center",27,"NOP",59,17,861,6.3,13.2,0.476,0,0,0,6.3,13.1,0.478,2.2,2.6,0.839,3.1,8.1,11.2,1.3,0.8,1.5,2.3,5.6,14.7
"5",7,"LaMarcus Aldridge","Power Forward",30,"SAS",74,74,2261,8.5,16.6,0.513,0,0.3,0,8.5,16.4,0.521,4.1,4.8,0.858,2.8,7.3,10.1,1.8,0.6,1.3,1.6,2.4,21.2
"6",10,"Tony Allen","Shooting Guard",34,"MEM",64,57,1620,4.8,10.4,0.458,0.3,0.9,0.357,4.4,9.5,0.468,2,3.1,0.652,2.3,4.3,6.6,1.6,2.4,0.4,1.7,3.9,11.9
"7",11,"Al-Farouq Aminu","Small Forward",25,"POR",82,82,2341,4.6,11.1,0.416,1.9,5.4,0.361,2.7,5.7,0.468,1.8,2.4,0.737,1.5,6.2,7.7,2.1,1.1,0.8,1.8,2.6,12.9
"8",13,"Chris Andersen","Center",37,"MEM",20,14,366,3.3,6.1,0.548,0.2,0.9,0.222,3.1,5.2,0.604,2.2,3.1,0.688,3.2,5.5,8.8,0.9,1.4,1,0.7,2.5,9
"9",14,"Chris Andersen","Center",37,"MIA",7,1,36,4,10,0.4,2,5,0.4,2,5,0.4,3,4,0.75,3,6,9,3,1,3,2,4,13
"10",15,"Chris Andersen","Center",37,"TOT",27,15,402,3.4,6.4,0.528,0.4,1.3,0.286,3,5.2,0.586,2.2,3.2,0.694,3.2,5.6,8.8,1.1,1.3,1.2,0.8,2.6,9.4
"11",16,"Alan Anderson","Shooting Guard",33,"WAS",13,0,192,3.9,11.1,0.356,2.3,6.9,0.324,1.7,4.1,0.409,2.1,2.8,0.733,0.2,4.9,5.1,2.6,0.7,0.2,0.4,4.7,12.2
"12",17,"James Anderson","Shooting Guard",26,"SAC",51,15,721,3.3,8.9,0.376,1.1,4.3,0.267,2.2,4.6,0.478,1.1,1.4,0.759,0.6,3.6,4.3,2,1,0.7,2.1,2.7,8.9
"13",18,"Justin Anderson","Small Forward",22,"DAL",55,9,647,4,9.7,0.406,1.2,4.6,0.265,2.7,5.1,0.533,2.4,3.1,0.8,1,6.3,7.3,1.6,1.1,1.4,1.3,2.5,11.6
"14",19,"Kyle Anderson","Small Forward",22,"SAS",78,11,1245,4,8.5,0.468,0.3,1.1,0.324,3.6,7.5,0.488,1.8,2.4,0.747,0.7,6.3,7.1,3.6,1.7,0.8,1.7,2.8,10.1
"15",20,"Ryan Anderson","Power Forward",27,"NOP",66,7,2008,7.1,16.7,0.427,2.3,6.4,0.366,4.8,10.2,0.466,3.6,4.1,0.873,2.3,4.8,7.1,1.3,0.7,0.4,1.6,2,20.2
"16",21,"Giannis Antetokounmpo","Point Guard",21,"MIL",80,79,2823,6.5,12.9,0.506,0.4,1.4,0.257,6.2,11.5,0.537,3.8,5.2,0.724,1.4,6.4,7.8,4.4,1.2,1.4,2.7,3.3,17.2
"17",23,"Carmelo Anthony","Small Forward",31,"NYK",72,72,2530,8.1,18.6,0.434,1.5,4.4,0.339,6.6,14.2,0.463,4.8,5.7,0.829,1.4,6.5,7.9,4.3,0.9,0.5,2.5,2.6,22.4
"18",25,"Keith Appling","Point Guard",23,"ORL",5,0,27,2.7,10.7,0.25,0,4,0,2.7,6.7,0.4,2.7,2.7,1,0,1.3,1.3,1.3,1.3,0,4,6.7,8
"19",26,"Trevor Ariza","Small Forward",30,"HOU",81,81,2859,4.5,10.8,0.416,2.3,6.3,0.371,2.2,4.5,0.478,1.6,2,0.783,0.8,3.8,4.6,2.4,2,0.3,1.4,2.2,12.9
"20",27,"Darrell Arthur","Power Forward",27,"DEN",70,16,1516,5.2,11.6,0.452,1.1,2.8,0.385,4.2,8.8,0.473,0.9,1.3,0.755,2,4.9,7,2.3,1.3,1.1,1.6,4.4,12.5
"21",29,"D.J. Augustin","Point Guard",28,"DEN",28,0,659,5.6,12.5,0.445,2.4,5.8,0.411,3.2,6.7,0.475,4.2,5.1,0.819,0.2,2.7,2.8,7.2,1.4,0.1,2.9,2.4,17.8
"22",30,"D.J. Augustin","Point Guard",28,"OKC",34,0,519,3.2,8.4,0.38,1.7,4.2,0.393,1.5,4.2,0.367,1.8,2.4,0.765,0.3,2.6,3,4.6,0.9,0.1,2.1,2.8,9.8
"23",31,"D.J. Augustin","Point Guard",28,"TOT",62,0,1178,4.5,10.7,0.423,2.1,5.1,0.405,2.4,5.6,0.44,3.1,3.9,0.805,0.2,2.7,2.9,6.1,1.2,0.1,2.6,2.6,14.3
"24",32,"Jeff Ayres","Center",28,"LAC",17,0,107,4,7.7,0.522,0,0.3,0,4,7.4,0.545,2,2,1,1.3,6.1,7.4,1.7,0,1,2,6.1,10.1
"25",33,"Luke Babbitt","Small Forward",26,"NOP",47,13,845,5.2,12.3,0.422,1.9,4.6,0.404,3.3,7.7,0.433,1.7,2.1,0.78,1.1,5.2,6.3,2.3,0.5,0.3,1,3.8,13.9
"26",34,"Cameron Bairstow","Center",25,"CHI",18,2,103,4.5,14,0.325,0.3,1.7,0.2,4.2,12.2,0.343,2.4,2.8,0.875,1.4,8.4,9.8,2.1,0.7,1,1.4,6.6,11.9
"27",35,"Leandro Barbosa","Shooting Guard",33,"GSW",68,0,1079,5.7,12.3,0.462,1.3,3.7,0.355,4.4,8.7,0.508,1.7,2.1,0.839,0.9,3,3.9,2.7,1.5,0.3,1.8,3.6,14.4
"28",36,"J.J. Barea","Point Guard",31,"DAL",74,16,1667,6.8,15.4,0.446,2.2,5.6,0.385,4.7,9.7,0.481,1.6,2.1,0.771,0.6,2.7,3.3,6.5,0.6,0,2.4,2.4,17.4
"29",37,"Andrea Bargnani","Center",30,"BRK",46,0,634,7.2,15.8,0.455,0.2,0.9,0.188,7,14.9,0.471,2.7,3.2,0.825,1.6,3.9,5.5,1,0.2,0.5,1.5,3.5,17.3
"30",38,"Harrison Barnes","Small Forward",23,"GSW",66,59,2042,5.2,11.2,0.466,1.4,3.8,0.383,3.8,7.4,0.508,1.8,2.4,0.761,1.4,4.4,5.7,2.1,0.7,0.2,1,2.4,13.6
"31",39,"Matt Barnes","Small Forward",35,"MEM",76,45,2190,4.3,11.4,0.381,2,6.1,0.322,2.4,5.3,0.449,1.8,2.3,0.804,1.4,5.5,6.9,2.7,1.3,0.9,2,3.8,12.5
"32",40,"Will Barton","Shooting Guard",25,"DEN",82,1,2353,6.5,15,0.432,1.7,5,0.345,4.8,10.1,0.476,3.3,4.1,0.806,0.9,6.4,7.3,3.1,1.1,0.6,2.1,2.2,18
"33",41,"Brandon Bass","Power Forward",30,"LAL",66,0,1342,4.7,8.5,0.549,0,0.1,0,4.7,8.5,0.552,3.4,4,0.845,2.8,4.9,7.6,2,0.9,1.5,1.1,3.4,12.7
"34",42,"Nicolas Batum","Small Forward",27,"CHO",70,70,2448,5.5,12.8,0.426,2,5.9,0.348,3.4,7,0.492,2.4,2.8,0.849,0.8,5.5,6.3,5.9,1,0.6,3,1.7,15.4
"35",43,"Jerryd Bayless","Shooting Guard",27,"MIL",52,18,1505,4.4,10.5,0.423,2.4,5.5,0.437,2,4.9,0.408,1.7,2.2,0.778,0.5,2.9,3.4,3.9,1.1,0.3,1.7,2.7,12.9
"36",44,"Aron Baynes","Center",29,"DET",81,1,1233,5.7,11.2,0.505,0,0.1,0,5.7,11.2,0.508,3.7,4.8,0.764,4.1,7.1,11.2,1.5,0.6,1.5,2,4.4,15
"37",45,"Kent Bazemore","Small Forward",26,"ATL",75,68,2083,5.5,12.5,0.441,1.9,5.3,0.357,3.6,7.3,0.502,2.1,2.6,0.815,0.5,6.1,6.6,3,1.7,0.7,2.4,3,15.1
"38",46,"Bradley Beal","Shooting Guard",22,"WAS",55,35,1708,7.6,16.8,0.449,2.2,5.7,0.387,5.4,11.1,0.481,2.8,3.7,0.767,0.9,3.1,4,3.4,1.1,0.2,2.4,2.5,20.2
"39",47,"Michael Beasley","Small Forward",27,"HOU",20,0,363,10.6,20.3,0.522,0.3,0.9,0.333,10.3,19.4,0.531,3.8,4.9,0.776,2.9,6.8,9.7,1.6,1.1,0.9,2.4,3.9,25.3
"40",48,"Marco Belinelli","Shooting Guard",29,"SAC",68,7,1672,5.3,13.7,0.386,2,6.4,0.306,3.3,7.3,0.456,2.5,3,0.833,0.2,2.3,2.5,2.7,0.8,0,1.7,2,15
"41",49,"Anthony Bennett","Power Forward",22,"TOR",19,0,84,3.4,11.6,0.296,1.3,6,0.214,2.1,5.6,0.385,3.9,4.3,0.9,2.6,7.3,9.9,0,2.1,0,1.7,3.4,12
"42",50,"Patrick Beverley","Point Guard",27,"HOU",71,63,2041,4.6,10.5,0.434,2.2,5.5,0.4,2.4,5,0.472,1.1,1.6,0.682,1.3,3.1,4.4,4.2,1.7,0.5,1.6,4.1,12.3
"43",51,"Bismack Biyombo","Center",23,"TOR",82,22,1808,3.1,5.7,0.542,0,0,0,3.1,5.7,0.544,2.8,4.5,0.628,3.6,9.4,13,0.6,0.4,2.6,1.4,4.5,9
"44",52,"Nemanja Bjelica","Power Forward",27,"MIN",60,0,1075,3.7,7.9,0.468,1.6,4.2,0.384,2.1,3.7,0.564,1.3,1.8,0.727,1.6,5.4,7,2.8,0.9,0.7,1.6,5.2,10.3
"45",54,"DeJuan Blair","Center",26,"WAS",29,0,218,4.6,11.2,0.412,0,0.2,0,4.6,11.1,0.418,0.8,2.1,0.385,3.3,6.1,9.4,1.8,1.3,0.3,2.5,8.8,10.1
"46",55,"Steve Blake","Point Guard",35,"DET",58,2,986,3.4,8.8,0.388,1.9,5.5,0.344,1.5,3.2,0.461,0.6,0.7,0.8,0.3,2.9,3.2,7.3,0.9,0.2,3,2.6,9.3
"47",56,"Eric Bledsoe","Point Guard",26,"PHO",31,31,1059,7.6,16.7,0.453,1.6,4.4,0.372,5.9,12.3,0.482,4.7,5.8,0.802,0.6,3.6,4.2,6.5,2.1,0.6,3.7,2.5,21.5
"48",57,"Bojan Bogdanovic","Small Forward",26,"BRK",79,39,2115,5.5,12.7,0.433,2.2,5.8,0.382,3.3,7,0.474,1.9,2.2,0.833,0.6,3.7,4.3,1.7,0.5,0.1,2,2,15.1
"49",58,"Andrew Bogut","Center",31,"GSW",70,66,1451,4.3,6.9,0.627,0,0,1,4.3,6.9,0.626,0.6,1.2,0.48,3,9.2,12.2,4,0.8,2.8,2.1,5.5,9.3
"50",59,"Matt Bonner","Center",35,"SAS",30,2,206,5.1,10,0.509,2.6,5.9,0.441,2.4,4,0.609,0.5,0.7,0.75,0.5,4.2,4.7,1.6,1,0.2,0.5,2.8,13.3
"51",60,"Devin Booker","Shooting Guard",19,"PHO",76,51,2108,6.3,14.8,0.423,1.7,4.9,0.343,4.6,9.9,0.464,3.7,4.4,0.84,0.5,2.7,3.2,3.4,0.8,0.3,2.7,3.8,17.9
"52",61,"Trevor Booker","Power Forward",28,"UTA",79,2,1632,4.2,8.6,0.49,0.3,0.9,0.293,3.9,7.7,0.513,1.6,2.3,0.67,3.7,6.3,10,1.9,1.3,0.9,1.8,3.7,10.2
"53",62,"Chris Bosh","Power Forward",31,"MIA",53,53,1778,7.2,15.5,0.467,1.6,4.5,0.365,5.6,11,0.508,4.3,5.4,0.795,1,6.9,7.9,2.6,0.7,0.7,1.6,2,20.4
"54",63,"Avery Bradley","Shooting Guard",25,"BOS",76,72,2536,6.5,14.5,0.447,2.1,5.8,0.361,4.4,8.7,0.505,1.4,1.7,0.78,0.7,2.4,3.1,2.2,1.7,0.3,1.5,2.3,16.4
"55",64,"Elton Brand","Center",36,"PHI",17,1,225,5,11.5,0.431,0,0.2,0,5,11.4,0.437,1.3,1.4,0.889,1.4,8.6,10.1,2.9,1.4,1.3,1.8,5.1,11.2
"56",65,"Corey Brewer","Small Forward",29,"HOU",82,12,1669,4.6,11.9,0.384,1.3,4.8,0.272,3.3,7.1,0.46,2.3,3,0.75,0.9,3.4,4.3,2.4,1.8,0.4,1.7,3.6,12.7
"57",66,"Aaron Brooks","Point Guard",31,"CHI",69,0,1108,6.1,15.2,0.401,2.1,6,0.357,4,9.2,0.43,1.6,2.1,0.766,0.7,2.6,3.3,5.8,1,0.3,2.7,4.3,16
"58",67,"Anthony Brown","Small Forward",23,"LAL",29,11,599,2.3,7.6,0.31,1.2,4.2,0.286,1.1,3.4,0.339,1,1.2,0.85,0.5,3.7,4.2,1.1,0.8,0.3,0.9,2,6.9
"59",68,"Lorenzo Brown","Point Guard",25,"PHO",8,0,61,4.7,14.8,0.32,0.6,4.7,0.125,4.1,10,0.412,1.8,2.4,0.75,0,4.1,4.1,6.5,1.8,0.6,5.3,2.4,11.8
"60",69,"Markel Brown","Shooting Guard",24,"BRK",62,6,982,4.7,11.8,0.394,1.4,4.4,0.314,3.3,7.4,0.443,2.6,3.4,0.755,0.8,3.6,4.5,3.3,1.4,0.5,2,3.4,13.3
"61",70,"Kobe Bryant","Small Forward",37,"LAL",66,66,1863,7.7,21.5,0.358,2.6,9,0.285,5.1,12.5,0.41,4.5,5.4,0.826,0.8,4,4.8,3.6,1.2,0.3,2.5,2.2,22.4
"62",71,"Chase Budinger","Small Forward",27,"PHO",17,0,200,4.1,8.1,0.511,0.7,3.1,0.235,3.4,5,0.679,0.9,1.4,0.625,2.2,3.1,5.2,2.7,0.5,0.2,2.3,2.9,9.9
"63",72,"Chase Budinger","Small Forward",27,"IND",49,2,729,4,9.6,0.418,1,3.4,0.29,3,6.2,0.488,1.7,2.4,0.708,1.5,4.4,6,2.4,1.4,0.4,1.5,2.3,10.7
"64",73,"Chase Budinger","Small Forward",27,"TOT",66,2,929,4,9.3,0.435,0.9,3.3,0.279,3.1,5.9,0.523,1.5,2.2,0.696,1.7,4.1,5.8,2.5,1.2,0.4,1.7,2.4,10.5
"65",74,"Reggie Bullock","Small Forward",24,"DET",37,0,429,3.6,8.2,0.439,1.8,4.4,0.415,1.8,3.8,0.467,1.2,1.3,0.933,1.2,4.5,5.7,2.3,0.8,0.2,0.7,2.4,10.2
"66",75,"Trey Burke","Point Guard",23,"UTA",64,0,1366,6.9,16.7,0.413,2.3,6.7,0.344,4.6,10,0.46,1.8,2.2,0.817,0.5,2.5,3,3.9,0.9,0.2,2.1,2.3,17.9
"67",76,"Alec Burks","Shooting Guard",24,"UTA",31,3,797,6.2,15.1,0.41,1.4,3.6,0.405,4.7,11.5,0.412,4.8,6.4,0.752,0.7,4.2,4.9,2.8,0.8,0.2,2.3,3.2,18.6
"68",77,"Caron Butler","Small Forward",35,"SAC",17,1,176,5.1,12.1,0.424,0.6,3.7,0.167,4.5,8.4,0.537,2,2.5,0.833,1,3.5,4.5,2,1.8,0.2,0.6,3.9,12.9
"69",78,"Jimmy Butler","Shooting Guard",26,"CHI",67,67,2474,6.8,15.1,0.454,0.9,3,0.312,5.9,12.1,0.489,5.7,6.9,0.832,1.1,4.1,5.2,4.7,1.6,0.6,1.9,1.8,20.4
"70",79,"Rasual Butler","Small Forward",36,"SAS",46,0,432,4.1,8.7,0.471,1.2,4.1,0.306,2.8,4.6,0.618,0.9,1.3,0.688,0.2,4.4,4.7,2,1.1,1.9,0.7,0.9,10.3
"71",81,"Jose Calderon","Point Guard",34,"NYK",72,72,2024,3.7,8.1,0.459,1.5,3.6,0.414,2.2,4.5,0.496,0.7,0.9,0.875,0.4,3.7,4.1,5.3,1.1,0.1,1.5,2.4,9.7
"72",82,"Kentavious Caldwell-Pope","Shooting Guard",22,"DET",76,76,2789,5.2,12.4,0.42,1.5,4.8,0.309,3.7,7.6,0.489,2.4,2.9,0.811,0.9,2.7,3.6,1.8,1.4,0.2,1.4,2.2,14.3
"73",83,"Isaiah Canaan","Shooting Guard",24,"PHI",77,39,1966,4.8,13.2,0.36,3.2,8.9,0.363,1.5,4.3,0.354,2.7,3.3,0.833,0.4,2.8,3.2,2.5,1,0.2,1.7,2.4,15.5
"74",84,"Clint Capela","Center",21,"HOU",77,35,1471,5.7,9.7,0.582,0,0,0,5.7,9.7,0.583,2,5.2,0.379,4.7,7.3,12.1,1.2,1.4,2.3,1.5,4.6,13.3
"75",85,"DeMarre Carroll","Small Forward",29,"TOR",26,22,786,4.8,12.4,0.389,2.1,5.4,0.39,2.7,7,0.388,1.4,2.3,0.6,1.4,4.2,5.6,1.2,2,0.3,1.3,2.9,13.1
"76",86,"Vince Carter","Shooting Guard",39,"MEM",60,3,1005,4.8,12.3,0.388,2.1,6.1,0.349,2.7,6.2,0.425,2.5,3,0.833,1.1,4.1,5.2,2,1.4,0.6,1.3,3.6,14.1
"77",87,"Michael Carter-Williams","Point Guard",24,"MIL",54,37,1649,5.5,12.1,0.452,0.3,1.2,0.273,5.2,10.9,0.472,2.3,3.5,0.654,1,5,6,6.1,1.7,0.9,3.3,3.5,13.6
"78",88,"Omri Casspi","Small Forward",27,"SAC",69,21,1880,5.7,11.9,0.481,2.1,5.2,0.409,3.6,6.7,0.537,2,3,0.648,1.1,6.7,7.9,1.8,1.1,0.3,1.8,2.9,15.6
"79",89,"Willie Cauley-Stein","Center",22,"SAC",66,39,1412,4.9,8.6,0.563,0,0.1,0,4.9,8.6,0.567,2.1,3.2,0.648,3.4,5.6,9,0.9,1.2,1.7,1.2,3.7,11.8
"80",90,"Mario Chalmers","Point Guard",29,"MEM",55,7,1253,4.9,11.8,0.417,1.3,4,0.326,3.6,7.9,0.464,5.9,7.2,0.827,0.7,3.4,4.1,6.1,2.3,0.3,2.9,4.7,17.1
"81",91,"Mario Chalmers","Point Guard",29,"MIA",6,0,120,3,9.6,0.313,0.3,3.3,0.091,2.7,6.3,0.429,3.6,3.9,0.923,0.3,3.9,4.2,5.7,2.4,0.3,2.7,4.8,9.9
"82",92,"Mario Chalmers","Point Guard",29,"TOT",61,7,1373,4.8,11.6,0.41,1.2,3.9,0.309,3.6,7.7,0.461,5.7,6.9,0.832,0.6,3.5,4.1,6,2.3,0.3,2.9,4.7,16.5
"83",93,"Tyson Chandler","Center",33,"PHO",66,60,1618,4.1,7,0.583,0,0,0,4.1,7,0.585,2.4,3.8,0.62,3.9,8.9,12.8,1.4,0.8,1,2.1,3.2,10.5
"84",95,"Ian Clark","Shooting Guard",24,"GSW",66,1,578,5.5,12.6,0.441,1.9,5.2,0.357,3.7,7.3,0.5,1.7,2.1,0.824,0.8,3.4,4.2,4,1.1,0.8,2.7,3.6,14.7
"85",97,"Jordan Clarkson","Shooting Guard",23,"LAL",79,79,2552,6.7,15.5,0.433,1.6,4.5,0.347,5.1,11,0.468,2.3,2.9,0.804,1.3,3.1,4.4,2.7,1.2,0.1,1.9,2.4,17.3
"86",98,"Norris Cole","Point Guard",27,"NOP",45,23,1198,5.9,14.5,0.405,1,3.1,0.324,4.9,11.5,0.427,1.6,2,0.8,0.3,4.2,4.5,5,1.1,0.2,2.3,3.1,14.3
"87",99,"Darren Collison","Point Guard",28,"SAC",74,15,2219,6.1,12.6,0.486,1.4,3.5,0.401,4.7,9.1,0.519,3.1,3.7,0.858,0.5,2.3,2.7,5.2,1.2,0.1,2.1,2.3,16.8
"88",100,"Nick Collison","Power Forward",35,"OKC",59,4,699,2.6,5.6,0.459,0,0.1,0,2.6,5.5,0.467,1.2,1.7,0.697,3.5,5.3,8.8,2.7,0.8,0.8,2.6,5.5,6.3
"89",101,"Mike Conley","Point Guard",28,"MEM",56,56,1761,6,14.2,0.422,1.6,4.4,0.363,4.4,9.8,0.449,3.9,4.7,0.834,0.5,2.8,3.4,7,1.4,0.3,1.7,2,17.5
"90",102,"Pat Connaughton","Shooting Guard",23,"POR",34,0,143,3.3,12.3,0.265,1.3,5.3,0.238,2,7,0.286,1.3,1.3,1,2.8,5.3,8.1,2.5,0.5,0,2.5,1.5,9.1
"91",103,"Chris Copeland","Power Forward",31,"MIL",24,1,156,3.9,11.8,0.333,2.3,8.3,0.278,1.6,3.5,0.467,1.4,1.6,0.857,0.2,2.1,2.3,2.5,0.5,0,1.4,3.9,11.5
"92",107,"DeMarcus Cousins","Center",25,"SAC",65,65,2246,9.6,21.3,0.451,1.1,3.4,0.333,8.5,18,0.473,7.6,10.6,0.718,2.5,9.4,12,3.4,1.6,1.5,4,3.8,28
"93",108,"Robert Covington","Small Forward",25,"PHI",67,49,1903,5.2,13.5,0.385,3.2,9.1,0.353,2,4.4,0.452,2.6,3.3,0.791,1.2,6.7,7.9,1.8,2,0.8,2.7,4.4,16.2
"94",109,"Allen Crabbe","Shooting Guard",23,"POR",81,8,2105,5.3,11.6,0.459,1.9,4.9,0.393,3.4,6.7,0.506,1.7,1.9,0.867,0.5,3.2,3.7,1.7,1.1,0.3,1.1,3.3,14.2
"95",110,"Jamal Crawford","Shooting Guard",35,"LAC",79,5,2126,6.4,15.9,0.404,2,5.8,0.34,4.4,10.1,0.44,4.1,4.6,0.904,0.3,2.1,2.5,3.1,0.9,0.2,1.9,2.1,19
"96",111,"Jae Crowder","Small Forward",25,"BOS",73,73,2308,5.6,12.7,0.443,1.9,5.7,0.336,3.7,7,0.529,3.1,3.7,0.82,1.1,4.7,5.8,2.1,2,0.5,1.3,3.1,16.2
"97",112,"Dante Cunningham","Small Forward",28,"NOP",80,46,1971,3.4,7.5,0.451,1,3.2,0.316,2.4,4.3,0.55,1,1.5,0.695,1,3.3,4.3,1.4,0.8,0.6,0.7,3.2,8.8
"98",113,"Jared Cunningham","Shooting Guard",24,"MIL",4,0,55,2.6,9.2,0.286,1.3,4.6,0.286,1.3,4.6,0.286,3.9,4.6,0.857,0,5.9,5.9,0.7,1.3,0,2,2.6,10.5
"99",114,"Jared Cunningham","Shooting Guard",24,"CLE",40,3,355,3.2,9.2,0.352,1,3.2,0.313,2.2,6,0.373,3,4.9,0.625,0.3,2.6,2.9,1.9,1.2,0.2,1.8,3.8,10.5
"100",115,"Jared Cunningham","Shooting Guard",24,"TOT",44,3,410,3.2,9.2,0.343,1.1,3.4,0.308,2.1,5.8,0.364,3.2,4.8,0.655,0.3,3.1,3.3,1.8,1.2,0.2,1.8,3.6,10.5
"101",116,"Seth Curry","Point Guard",25,"SAC",44,9,692,5.3,11.7,0.455,2.6,5.8,0.45,2.7,5.9,0.46,2.3,2.8,0.833,0.5,2.7,3.1,3.5,1.1,0.2,1.9,2.1,15.6
"102",117,"Stephen Curry","Point Guard",27,"GSW",79,79,2700,10.7,21.3,0.504,5.4,11.8,0.454,5.4,9.5,0.566,4.8,5.3,0.908,0.9,4.8,5.7,7,2.3,0.2,3.5,2.1,31.7
"103",118,"Troy Daniels","Shooting Guard",24,"CHO",43,0,476,6.7,14.1,0.476,4.5,9.2,0.484,2.3,4.9,0.462,0.4,0.7,0.556,0.5,3.8,4.3,1.6,0.8,0.2,1.8,3,18.3
"104",119,"Anthony Davis","Center",22,"NOP",61,61,2164,9.3,18.9,0.493,0.6,1.8,0.324,8.7,17.1,0.511,5.4,7.2,0.758,2.2,8.3,10.4,1.9,1.3,2.1,2,2.5,24.6
"105",123,"Bryce Dejean-Jones","Shooting Guard",23,"NOP",14,11,279,3.6,8.9,0.406,1.5,4.1,0.375,2.1,4.8,0.432,1.4,2.7,0.524,1,5.2,6.2,1.9,1.3,0.3,1.4,2.2,10.2
"106",125,"Matthew Dellavedova","Point Guard",25,"CLE",76,14,1867,4,9.9,0.405,1.9,4.6,0.41,2.1,5.2,0.401,1.1,1.3,0.864,0.6,2.5,3.1,6.5,0.8,0.2,2.2,3.4,11
"107",126,"Luol Deng","Power Forward",30,"MIA",74,73,2394,5.1,11.2,0.455,1.3,3.8,0.344,3.8,7.4,0.513,2.2,2.9,0.755,1.6,5,6.7,2.1,1.1,0.4,1.2,1.8,13.7
"108",127,"DeMar DeRozan","Shooting Guard",26,"TOR",78,78,2804,7.9,17.7,0.446,0.6,1.8,0.338,7.3,15.9,0.458,7.1,8.4,0.85,0.8,3.7,4.5,4,1,0.3,2.2,2.1,23.5
"109",128,"Boris Diaw","Power Forward",33,"SAS",76,4,1386,5.2,9.9,0.527,0.6,1.8,0.362,4.6,8.2,0.564,1.5,2,0.737,1.5,4.5,6.1,4.6,0.7,0.5,2.5,2.6,12.6
"110",129,"Gorgui Dieng","Center",26,"MIN",82,39,2220,5,9.4,0.532,0.1,0.3,0.3,4.9,9.1,0.54,3.3,4,0.827,2.5,6.9,9.5,2.3,1.5,1.6,2.3,3.6,13.4
"111",130,"Spencer Dinwiddie","Point Guard",22,"DET",12,0,159,4.3,12.2,0.352,0.2,2.3,0.1,4.1,10,0.409,4.3,7.5,0.576,0.9,2.9,3.8,5,0.7,0,1.6,4.5,13.1
"112",131,"Toney Douglas","Point Guard",29,"NOP",61,18,1262,5.2,12.7,0.411,2.3,5.8,0.399,2.9,6.9,0.421,2.4,2.8,0.848,0.7,3.4,4.1,4.5,2,0.1,1.8,3.7,15.1
"113",132,"Goran Dragic","Point Guard",29,"MIA",72,72,2363,6.4,13.3,0.477,1,3.1,0.312,5.4,10.2,0.527,1.8,2.5,0.727,0.8,3.4,4.2,6.4,1.1,0.3,2.8,2.9,15.5
"114",133,"Andre Drummond","Center",22,"DET",81,81,2666,7.5,14.3,0.521,0,0.1,0.333,7.4,14.2,0.522,2.8,7.9,0.355,5.3,10.8,16.2,0.9,1.6,1.5,2.1,3.3,17.7
"115",134,"Jared Dudley","Power Forward",30,"WAS",81,41,2098,4,8.4,0.478,1.7,4.1,0.42,2.3,4.3,0.534,1.2,1.7,0.735,0.9,4,4.9,2.9,1.3,0.3,1.4,3.3,10.9
"116",136,"Tim Duncan","Center",39,"SAS",61,60,1536,5,10.3,0.488,0,0,0,5,10.3,0.49,2.2,3.1,0.702,2.7,7.8,10.5,3.8,1.1,1.8,2.1,2.9,12.2
"117",137,"Mike Dunleavy","Small Forward",35,"CHI",31,30,703,3.9,9.6,0.41,2,5.1,0.394,1.9,4.6,0.427,1.5,1.9,0.784,0.4,3.8,4.3,2,0.7,0.5,1.3,3.4,11.4
"118",138,"Kevin Durant","Small Forward",27,"OKC",72,72,2578,9.7,19.3,0.505,2.6,6.7,0.387,7.1,12.6,0.569,6.2,7,0.898,0.6,7.6,8.2,5,1,1.2,3.5,1.9,28.3
"119",139,"Cleanthony Early","Small Forward",24,"NYK",17,2,154,2.8,9.4,0.3,0.9,3.5,0.267,1.9,5.8,0.32,0.7,0.9,0.75,0.9,5.1,6.1,1.4,0.5,0.7,2.1,3.7,7.2
"120",140,"Jarell Eddie","Small Forward",24,"WAS",26,0,147,4.9,15.9,0.308,3.7,11.5,0.319,1.2,4.4,0.278,2,2,1,0.5,5.1,5.6,1.2,1.2,0.2,0.2,1.2,15.4
"121",141,"Wayne Ellington","Shooting Guard",28,"BRK",76,41,1615,4.9,12.5,0.389,2.1,6,0.358,2.7,6.5,0.416,1.2,1.4,0.857,0.4,3.4,3.9,1.9,1.1,0.1,1,1.8,13.1
"122",142,"Monta Ellis","Shooting Guard",30,"IND",81,81,2734,5.7,13.4,0.427,1.1,3.7,0.309,4.6,9.7,0.472,2.1,2.7,0.786,0.6,3,3.6,5,2,0.5,2.7,2.3,14.8
"123",143,"James Ennis","Small Forward",25,"NOP",9,5,282,6.4,12.8,0.5,3.1,6.4,0.48,3.3,6.4,0.52,2.4,3.1,0.792,2.2,2.3,4.5,2.3,1.5,0.4,2.2,3.3,18.3
"124",144,"James Ennis","Small Forward",25,"MEM",10,0,40,3.6,11.7,0.308,1.8,7.2,0.25,1.8,4.5,0.4,5.4,9,0.6,3.6,2.7,6.3,1.8,3.6,1.8,1.8,0.9,14.4
"125",146,"James Ennis","Small Forward",25,"TOT",22,5,329,5.9,12.4,0.478,2.8,6.3,0.448,3.1,6,0.509,2.7,3.7,0.735,2.3,2.3,4.6,2.3,1.8,0.5,2.1,3.1,17.4
"126",147,"Tyler Ennis","Point Guard",21,"MIL",46,7,654,4.6,10.3,0.449,0.7,2.1,0.333,3.9,8.1,0.48,1.4,1.9,0.735,0.7,3.4,4.1,5.2,1.4,0.1,2.5,3.5,11.3
"127",148,"Jeremy Evans","Small Forward",28,"DAL",30,2,251,3.7,6.9,0.542,0.6,2.3,0.25,3.2,4.6,0.688,2.2,3,0.714,1.6,6.2,7.7,0.3,0.9,1.3,1,2.7,10.2
"128",149,"Tyreke Evans","Shooting Guard",26,"NOP",25,25,765,6.4,14.8,0.433,1.6,4,0.388,4.8,10.8,0.45,3.5,4.4,0.796,0.9,5.1,6.1,7.7,1.5,0.4,3.4,3.1,17.8
"129",151,"Kenneth Faried","Power Forward",26,"DEN",67,64,1694,7.4,13.3,0.558,0,0,0.5,7.4,13.3,0.558,2.9,4.7,0.613,5,7.4,12.3,1.7,0.7,1.3,1.9,3.6,17.7
"130",152,"Jordan Farmar","Point Guard",29,"MEM",12,10,291,5.2,12.4,0.42,2,5.6,0.356,3.2,6.8,0.473,1.2,1.2,1,0.5,2.6,3.1,4.6,1.9,0.2,2.2,2.7,13.6
"131",153,"Derrick Favors","Power Forward",24,"UTA",62,59,1983,7.6,14.7,0.515,0,0.1,0,7.6,14.7,0.518,3.3,4.6,0.709,3.1,6.1,9.1,1.7,1.3,1.7,1.9,2.7,18.4
"132",154,"Cristiano Felicio","Center",23,"CHI",31,4,321,4.5,8.1,0.556,0,0.4,0,4.5,7.6,0.588,2.8,3.9,0.714,3.4,8.1,11.4,2.9,0.7,1.5,1.5,3.5,11.8
"133",155,"Raymond Felton","Point Guard",31,"DAL",80,31,2192,4.5,11.2,0.406,1,3.5,0.282,3.6,7.7,0.463,2.4,2.9,0.847,0.6,3.6,4.2,4.7,1.1,0.2,2,2.3,12.5
"134",156,"Evan Fournier","Small Forward",23,"ORL",79,71,2566,6,13,0.462,2.2,5.5,0.4,3.8,7.6,0.506,2.8,3.3,0.836,0.5,2.7,3.2,3,1.3,0,1.9,3,17
"135",157,"Randy Foye","Shooting Guard",32,"OKC",27,1,572,3.3,9.4,0.349,1.6,5.1,0.309,1.7,4.3,0.397,1.4,1.7,0.815,0.5,2.7,3.2,3.1,0.8,0.8,1.8,3,9.5
"136",158,"Randy Foye","Shooting Guard",32,"DEN",54,7,1070,3.9,11.2,0.351,1.7,5.7,0.296,2.3,5.5,0.409,1.3,1.6,0.83,0.5,3,3.5,3.8,0.9,0.5,2,2.8,10.9
"137",159,"Randy Foye","Shooting Guard",32,"TOT",81,8,1642,3.7,10.6,0.351,1.6,5.5,0.3,2.1,5.1,0.405,1.3,1.6,0.824,0.5,2.9,3.4,3.5,0.9,0.6,1.9,2.9,10.4
"138",160,"Tim Frazier","Point Guard",25,"NOP",16,1,469,5.8,13,0.45,1,2.4,0.419,4.8,10.6,0.457,3.5,4.5,0.763,1.2,4.3,5.4,9.2,1.8,0.1,2.9,3.2,16.1
"139",161,"Tim Frazier","Point Guard",25,"POR",35,1,272,2.6,7.9,0.333,0.4,2.3,0.176,2.3,5.7,0.395,1.1,2,0.533,1.5,3.7,5.2,5.6,1.3,0.1,3.6,4.1,6.8
"140",162,"Tim Frazier","Point Guard",25,"TOT",51,2,741,4.7,11.1,0.419,0.8,2.3,0.333,3.9,8.8,0.442,2.6,3.6,0.716,1.3,4.1,5.3,7.9,1.6,0.1,3.2,3.5,12.7
"141",165,"Jimmer Fredette","Shooting Guard",26,"TOT",6,0,18,4,10,0.4,2,4,0.5,2,6,0.333,8,10,0.8,0,0,0,2,2,0,4,4,18
"142",166,"Channing Frye","Center",32,"CLE",26,3,446,5.7,13,0.441,3.5,9.2,0.377,2.3,3.8,0.596,0.9,1.1,0.786,1,6.5,7.5,2.1,0.6,0.6,1,4.5,15.8
"143",167,"Channing Frye","Power Forward",32,"ORL",44,29,754,3.9,8.9,0.435,2.3,5.8,0.397,1.6,3.1,0.508,0.9,1,0.905,1.1,5.6,6.7,2.1,1,1,1.4,3.4,10.9
"144",169,"Danilo Gallinari","Small Forward",27,"DEN",53,53,1839,5.6,13.7,0.41,1.7,4.7,0.364,3.9,9,0.434,7.3,8.5,0.868,1,4.5,5.5,2.6,0.8,0.4,1.5,1.7,20.3
"145",170,"Langston Galloway","Point Guard",24,"NYK",82,7,2033,4.1,10.4,0.393,1.4,4,0.344,2.7,6.4,0.423,1.5,2,0.754,0.8,4.3,5.1,3.7,1.4,0.4,1.1,3.1,11.1
"146",171,"Kevin Garnett","Power Forward",39,"MIN",38,38,556,3.5,7.4,0.47,0,0.1,0,3.5,7.4,0.474,0.9,1.4,0.667,1,8.7,9.7,4,1.8,0.6,1,4.5,7.9
"147",172,"Marc Gasol","Center",31,"MEM",52,52,1791,6.6,14.2,0.464,0,0.1,0.667,6.6,14.2,0.463,4.1,4.9,0.829,1.2,6.1,7.3,3.9,1,1.4,2.4,2.8,17.3
"148",173,"Pau Gasol","Center",35,"CHI",72,72,2291,7.3,15.6,0.469,0.4,1.1,0.348,7,14.6,0.478,3.6,4.5,0.792,2.4,10,12.5,4.6,0.7,2.3,2.6,2.3,18.7
"149",174,"Rudy Gay","Small Forward",29,"SAC",70,70,2379,7.1,15.2,0.463,1.1,3.3,0.344,5.9,12,0.495,3,3.8,0.78,1.6,5.3,6.9,1.8,1.5,0.8,2.1,2.8,18.2
"150",175,"Alonzo Gee","Small Forward",28,"NOP",73,38,1632,2.9,5.6,0.518,0.4,1.3,0.283,2.5,4.3,0.59,1,1.5,0.667,1.3,4.1,5.4,1.6,1.4,0.3,1.2,3.7,7.2
"151",176,"Paul George","Small Forward",25,"IND",81,81,2819,7.7,18.5,0.418,2.7,7.2,0.371,5,11.3,0.447,5.8,6.7,0.86,1,6.2,7.2,4.2,1.9,0.4,3.4,2.9,23.9
"152",177,"Taj Gibson","Power Forward",30,"CHI",73,55,1936,4.9,9.3,0.526,0,0.1,0,4.9,9.2,0.529,1.9,2.7,0.692,3.8,5.5,9.4,2,0.9,1.4,1.5,3.3,11.7
"153",178,"Manu Ginobili","Shooting Guard",38,"SAS",58,0,1134,6.3,13.8,0.453,2.2,5.7,0.391,4,8.1,0.496,2.9,3.6,0.813,0.8,3.8,4.6,5.6,2.1,0.3,3.1,3.1,17.6
"154",180,"Drew Gooden","Power Forward",34,"WAS",30,0,305,3.9,12.2,0.32,0.8,4.8,0.171,3.1,7.3,0.419,1.1,1.7,0.643,3.3,6.7,10,1.5,0.9,1.3,1.5,4.7,9.7
"155",181,"Archie Goodwin","Point Guard",21,"PHO",57,13,1114,5.7,13.6,0.417,0.7,3.2,0.232,4.9,10.4,0.474,4.2,6.2,0.674,0.9,3.7,4.6,3.8,0.9,0.4,3.2,2.7,16.3
"156",182,"Aaron Gordon","Power Forward",20,"ORL",78,37,1863,5.3,11.2,0.473,0.8,2.7,0.296,4.5,8.4,0.531,2.5,3.7,0.668,3,6.8,9.8,2.5,1.1,1.1,1.3,3,13.9
"157",183,"Eric Gordon","Shooting Guard",27,"NOP",45,44,1481,5.6,13.4,0.418,2.7,7.1,0.384,2.9,6.3,0.457,2.7,3,0.888,0.2,2.2,2.4,2.9,1,0.3,1.8,2.4,16.7
"158",184,"Marcin Gortat","Center",31,"WAS",75,74,2256,6.9,12.2,0.567,0,0,0,6.9,12.2,0.567,2.3,3.3,0.705,3.5,8.3,11.8,1.7,0.7,1.5,1.9,3.1,16.1
"159",185,"Andrew Goudelock","Point Guard",27,"HOU",8,0,50,6.5,14.4,0.45,0.7,6.5,0.111,5.8,7.9,0.727,2.2,2.9,0.75,0.7,0.7,1.4,2.9,4.3,1.4,5,2.9,15.8
"160",186,"Jerami Grant","Small Forward",21,"PHI",77,52,2066,4.4,10.4,0.419,0.6,2.5,0.24,3.8,7.9,0.477,3.7,5.6,0.658,1.7,4.6,6.3,2.4,0.9,2.2,1.9,3.7,13.1
"161",187,"Jerian Grant","Point Guard",23,"NYK",76,6,1265,4.4,11.1,0.394,0.6,2.8,0.22,3.8,8.3,0.454,2.7,3.5,0.78,0.7,3.4,4.1,5,1.4,0.3,2.5,2.8,12.1
"162",188,"Danny Green","Shooting Guard",28,"SAS",79,79,2062,3.7,9.8,0.376,2,6.1,0.332,1.7,3.7,0.448,0.6,0.8,0.739,0.8,4.5,5.3,2.5,1.4,1.1,1.3,2.5,10
"163",189,"Draymond Green","Power Forward",25,"GSW",81,81,2808,5.1,10.5,0.49,1.3,3.3,0.388,3.9,7.2,0.537,2.9,4.2,0.696,1.7,8.1,9.9,7.7,1.5,1.4,3.3,3.1,14.5
"164",190,"Erick Green","Point Guard",24,"UTA",6,0,35,5.1,12.3,0.417,1,4.1,0.25,4.1,8.2,0.5,2.1,2.1,1,3.1,2.1,5.1,2.1,1,0,0,4.1,13.4
"165",192,"Erick Green","Point Guard",24,"TOT",9,0,42,4.3,11.1,0.385,0.9,4.3,0.2,3.4,6.9,0.5,1.7,1.7,1,2.6,2.6,5.1,2.6,0.9,0,0,3.4,11.1
"166",193,"Gerald Green","Shooting Guard",30,"MIA",69,14,1557,5.3,13.6,0.392,1.9,6,0.323,3.4,7.6,0.446,1.7,2.1,0.783,0.6,3.2,3.8,1.3,0.9,0.4,1.1,2.8,14.2
"167",194,"JaMychal Green","Power Forward",25,"MEM",78,15,1446,5.7,12.3,0.465,0.4,1.1,0.333,5.4,11.2,0.478,2.6,3.4,0.752,3.5,5.8,9.3,1.7,1.1,0.8,2.1,4.7,14.4
"168",195,"Jeff Green","Small Forward",29,"LAC",27,10,709,5.8,13.6,0.427,1.3,3.9,0.325,4.5,9.6,0.468,2,3.3,0.615,1,3.7,4.6,2,0.9,1.1,1.2,3.1,14.9
"169",196,"Jeff Green","Small Forward",29,"MEM",53,31,1544,5.6,13,0.431,1,3.2,0.309,4.6,9.8,0.47,2.9,3.6,0.8,1.3,4.3,5.6,2.3,0.9,0.4,1.6,2.4,15.1
"170",197,"Jeff Green","Small Forward",29,"TOT",80,41,2253,5.7,13.2,0.43,1.1,3.4,0.315,4.6,9.8,0.47,2.6,3.5,0.745,1.2,4.1,5.3,2.2,0.9,0.6,1.5,2.6,15
"171",198,"Blake Griffin","Power Forward",26,"LAC",35,35,1170,9.3,18.6,0.499,0.2,0.6,0.333,9.1,18,0.504,4.3,6,0.727,1.6,7.5,9,5.2,0.9,0.5,2.6,2.9,23
"172",199,"Jorge Gutierrez","Point Guard",27,"CHO",12,0,63,3.4,6.3,0.545,0,1.1,0,3.4,5.1,0.667,5.7,6.3,0.909,0,4,4,9.7,1.7,0,3.4,1.7,12.6
"173",200,"P.J. Hairston","Small Forward",23,"MEM",18,9,375,4.4,12.7,0.348,1.5,6.6,0.232,2.9,6,0.476,1.5,2.1,0.727,0.7,3.7,4.4,0.9,0.8,0.4,1.6,3,11.9
"174",201,"P.J. Hairston","Small Forward",23,"CHO",48,43,938,3.8,10.6,0.359,2.1,6.6,0.314,1.7,4,0.433,1.3,1.6,0.81,0.7,4.2,4.9,1.1,0.9,0.3,0.9,4.1,11
"175",202,"P.J. Hairston","Small Forward",23,"TOT",66,52,1313,4,11.2,0.355,1.9,6.6,0.29,2.1,4.6,0.449,1.4,1.8,0.781,0.7,4.1,4.8,1,0.9,0.3,1.1,3.8,11.2
"176",203,"Jordan Hamilton","Small Forward",25,"NOP",11,4,304,5.8,13.7,0.422,1.5,5.3,0.289,4.3,8.4,0.507,1.7,2.5,0.667,1.4,5.9,7.3,3,0.9,0.4,2,2.8,14.8
"177",204,"Tyler Hansbrough","Power Forward",30,"CHO",44,0,343,3.4,7.5,0.451,0.2,0.3,0.667,3.1,7.1,0.441,4,6.8,0.585,4.2,5.1,9.3,0.8,1.3,0.7,1.3,5.8,10.9
"178",205,"Tim Hardaway","Shooting Guard",23,"ATL",51,1,864,4.7,11,0.43,2,5.9,0.338,2.7,5.1,0.537,2.1,2.3,0.893,0.3,3.3,3.6,2.1,0.9,0.3,1,2,13.6
"179",206,"James Harden","Shooting Guard",26,"HOU",82,82,3125,8.2,18.6,0.439,2.7,7.6,0.359,5.5,11.1,0.494,8.3,9.6,0.86,0.7,5,5.8,7.1,1.6,0.6,4.3,2.6,27.4
"180",207,"Maurice Harkless","Small Forward",22,"POR",78,14,1457,4.8,10.2,0.474,1,3.5,0.279,3.9,6.7,0.576,1.7,2.7,0.622,2.5,4.4,6.9,1.7,1.2,0.9,1.5,3.1,12.3
"181",208,"Justin Harper","Power Forward",26,"DET",5,0,35,4.1,10.3,0.4,4.1,9.3,0.444,0,1,0,1,2.1,0.5,0,1,1,0,1,0,2.1,3.1,13.4
"182",209,"Montrezl Harrell","Power Forward",22,"HOU",39,1,379,5.5,8.5,0.644,0,0.1,0,5.5,8.5,0.652,2.3,4.4,0.522,2.4,3.8,6.2,1.6,1,1,1.6,4.6,13.3
"183",210,"Devin Harris","Point Guard",32,"DAL",64,0,1280,4.7,10.5,0.447,1.5,4.4,0.329,3.2,6.1,0.532,2.8,3.9,0.721,0.5,3.4,3.9,3.3,1.7,0.4,1.9,3.5,13.7
"184",211,"Gary Harris","Shooting Guard",21,"DEN",76,76,2439,5.3,11.3,0.469,1.5,4.4,0.354,3.7,6.9,0.543,1.6,2,0.82,0.8,2.5,3.2,2.2,1.4,0.3,1.4,2.1,13.8
"185",213,"Tobias Harris","Power Forward",23,"DET",27,25,903,6.6,13.9,0.477,1.3,3.5,0.375,5.3,10.4,0.512,3.3,3.6,0.911,1,5.7,6.7,2.8,0.7,0.5,1.2,2.5,17.8
"186",214,"Tobias Harris","Power Forward",23,"ORL",49,49,1610,5.6,12.1,0.464,1.1,3.4,0.311,4.6,8.7,0.523,2.7,3.4,0.784,1.6,6.1,7.6,2.2,1.1,0.6,1.7,2,15
"187",215,"Tobias Harris","Power Forward",23,"TOT",76,74,2513,6,12.7,0.469,1.1,3.4,0.335,4.8,9.3,0.518,2.9,3.5,0.831,1.4,5.9,7.3,2.4,0.9,0.6,1.5,2.2,16
"188",216,"Aaron Harrison","Shooting Guard",21,"CHO",21,0,93,1.9,7.4,0.263,1.2,3.9,0.3,0.8,3.5,0.222,1.9,4.6,0.417,1.5,4.3,5.8,0.8,2.3,0,1.5,3.9,7
"189",217,"Udonis Haslem","Power Forward",35,"MIA",37,0,260,3.2,8.4,0.377,0.1,1.2,0.111,3,7.2,0.423,1.7,2.2,0.75,1.4,9,10.4,1.9,0.7,0.3,0.7,3.5,8.2
"190",218,"Spencer Hawes","Power Forward",27,"CHO",57,6,1035,4.3,10.6,0.405,1.3,3.5,0.373,3,7.1,0.422,1.9,2.3,0.831,1.8,6.7,8.5,3.8,0.8,0.9,2,3.9,11.8
"191",220,"Gordon Hayward","Small Forward",25,"UTA",80,80,2893,6.5,15,0.433,1.8,5.1,0.349,4.7,9.9,0.477,4.9,5.9,0.824,0.8,4.2,4.9,3.7,1.2,0.3,2.5,2.3,19.6
"192",221,"Gerald Henderson","Shooting Guard",28,"POR",72,0,1431,5.8,13.3,0.439,1.2,3.4,0.353,4.6,9.9,0.468,2.8,3.7,0.767,0.8,4.6,5.3,1.9,1,0.5,1.7,2.2,15.7
"193",222,"John Henson","Center",25,"MIL",57,1,960,6.1,10.9,0.564,0,0,0,6.1,10.9,0.566,2.6,4.4,0.59,3.3,5,8.3,2,0.7,4.1,2.4,4.9,14.9
"194",223,"Mario Hezonja","Small Forward",20,"ORL",79,9,1413,4.6,10.6,0.433,1.7,4.9,0.349,2.9,5.8,0.504,1.2,1.4,0.907,0.7,3.8,4.5,2.8,1,0.4,2.5,3.2,12.2
"195",224,"Roy Hibbert","Center",29,"LAL",81,81,1878,3.5,7.9,0.443,0,0,0,3.5,7.8,0.445,2.2,2.8,0.807,2.5,5.1,7.6,1.8,0.6,2.1,1.5,4.8,9.2
"196",225,"J.J. Hickson","Center",27,"WAS",15,0,131,6.9,12.6,0.543,0,0.3,0,6.9,12.4,0.556,5.2,12.1,0.432,4.7,7.7,12.4,1.9,1.4,0.5,2.5,3.3,19
"197",227,"J.J. Hickson","Center",27,"TOT",35,9,436,6.6,12.8,0.516,0,0.1,0,6.6,12.7,0.519,3.8,8.5,0.447,3.2,7.7,10.9,1.9,1.2,1.2,2.1,3.9,17
"198",228,"Nene Hilario","Power Forward",33,"WAS",57,11,1094,6.9,12.6,0.544,0,0.1,0,6.9,12.5,0.549,3.5,6.1,0.578,1.7,6.8,8.5,3.2,1.8,0.9,2.5,5.1,17.3
"199",229,"George Hill","Point Guard",29,"IND",74,73,2524,4.6,10.5,0.441,1.8,4.5,0.408,2.8,6.1,0.466,1.6,2.1,0.76,0.8,3.4,4.3,3.7,1.2,0.2,1.4,2.1,12.8
"200",230,"Jordan Hill","Center",28,"IND",73,11,1513,6.6,13.1,0.506,0,0,0,6.6,13,0.507,2.1,3,0.712,3.7,7,10.7,2.1,0.9,0.9,2.2,3.7,15.3
"201",231,"Solomon Hill","Small Forward",24,"IND",59,3,866,3.9,8.6,0.447,1,3.1,0.324,2.9,5.6,0.515,1.5,1.7,0.857,1.6,5.3,6.9,2.4,1.5,0.5,1.4,2.8,10.2
"202",232,"Darrun Hilliard","Shooting Guard",22,"DET",38,2,383,4.9,12.3,0.397,1.8,4.7,0.38,3.1,7.6,0.407,2.7,3.8,0.725,0.5,3.8,4.2,2.5,0.8,0.1,1.8,2.6,14.3
"203",234,"Kirk Hinrich","Point Guard",35,"CHI",35,7,555,3,7.7,0.398,1.5,3.6,0.411,1.6,4,0.387,1,1,0.938,0.5,3.3,3.8,3.8,0.8,0.1,1.8,4.1,8.6
"204",235,"Kirk Hinrich","Point Guard",35,"TOT",46,7,631,2.8,7.4,0.38,1.4,3.5,0.387,1.4,3.8,0.373,0.9,0.9,0.938,0.5,3.5,4,4.2,0.9,0.1,1.7,3.7,7.8
"205",236,"Jrue Holiday","Point Guard",25,"NOP",65,23,1831,8.1,18.4,0.439,1.7,5.1,0.336,6.4,13.3,0.478,3.6,4.2,0.843,0.5,3.3,3.8,7.7,1.7,0.4,3.3,2.9,21.4
"206",237,"Justin Holiday","Shooting Guard",26,"CHI",27,4,510,4.5,10.9,0.413,1.8,4.2,0.433,2.7,6.7,0.4,1.6,1.9,0.815,0.6,3.9,4.4,3.2,1.3,1.1,1.8,2.8,12.4
"207",238,"Justin Holiday","Shooting Guard",26,"ATL",26,1,263,3.3,10,0.329,1.4,6.2,0.222,1.9,3.8,0.5,0.7,1.4,0.5,0.5,3.1,3.7,1.5,1.8,0.5,1.8,2.9,8.6
"208",239,"Justin Holiday","Shooting Guard",26,"TOT",53,5,773,4.1,10.6,0.386,1.7,4.9,0.343,2.4,5.7,0.423,1.3,1.7,0.73,0.6,3.6,4.2,2.6,1.5,0.9,1.8,2.8,11.1
"209",243,"Rondae Hollis-Jefferson","Small Forward",21,"BRK",29,17,615,3.7,8.1,0.457,0.2,0.8,0.286,3.5,7.3,0.476,2.2,3,0.712,2.3,6.7,9,2.5,2.3,0.9,1.5,3.6,9.8
"210",244,"Richaun Holmes","Power Forward",22,"PHI",51,1,702,5.8,11.4,0.514,0.4,2.3,0.182,5.4,9.1,0.596,2.6,3.8,0.689,3.2,3.7,6.9,1.7,1,2.1,1.6,4.7,14.7
"211",245,"Rodney Hood","Shooting Guard",23,"UTA",79,79,2541,5.8,13.8,0.42,2.3,6.4,0.359,3.5,7.4,0.472,2.4,2.8,0.86,0.5,3.2,3.8,3,1,0.2,1.8,2.9,16.3
"212",246,"Al Horford","Center",29,"ATL",82,82,2631,7.2,14.3,0.505,1.2,3.5,0.344,6,10.8,0.557,1.4,1.8,0.798,2,6.1,8.2,3.6,0.9,1.7,1.5,2.2,17.1
"213",247,"Dwight Howard","Center",30,"HOU",71,71,2280,5.9,9.5,0.62,0,0.1,0,5.9,9.4,0.626,3.7,7.5,0.489,3.8,9.4,13.2,1.5,1.1,1.8,2.6,3.5,15.4
"214",248,"Marcelo Huertas","Point Guard",32,"LAL",53,0,869,4,9.5,0.422,0.7,2.5,0.262,3.4,7,0.479,1.1,1.2,0.931,0.7,3,3.7,7.5,1.1,0.3,3.3,3.1,9.8
"215",249,"Josh Huestis","Power Forward",24,"OKC",5,0,55,3.3,7.9,0.417,2.6,3.9,0.667,0.7,3.9,0.167,0,2.6,0,1.3,5.2,6.5,0,0.7,1.3,2,2,9.2
"216",250,"Kris Humphries","Power Forward",30,"ATL",21,0,295,5.7,12.3,0.465,1,3.8,0.258,4.8,8.5,0.557,3.9,5.5,0.711,2.4,6.2,8.7,1.6,1.2,0.9,1.7,5.4,16.4
"217",251,"Kris Humphries","Power Forward",30,"PHO",4,3,74,4.9,17.5,0.278,1.5,4.9,0.3,3.4,12.6,0.269,2.9,3.9,0.75,5.4,10.2,15.6,3.4,1.5,1,1.9,3.9,14.1
"218",252,"Kris Humphries","Power Forward",30,"WAS",28,14,466,4.9,12.2,0.405,1.8,5.2,0.343,3.2,7,0.451,2.2,2.4,0.935,2,6.9,8.9,1.2,0.2,1.1,1.5,3.2,13.9
"219",253,"Kris Humphries","Power Forward",30,"TOT",53,17,835,5.2,12.7,0.41,1.5,4.7,0.315,3.8,8.1,0.465,2.9,3.6,0.798,2.5,6.9,9.4,1.6,0.7,1,1.6,4.1,14.8
"220",254,"R.J. Hunter","Shooting Guard",22,"BOS",36,0,315,4.1,11.2,0.367,2.2,7.2,0.302,1.9,4,0.486,0.7,0.8,0.857,0.2,4,4.2,1.5,1.6,0.5,1.3,3.3,11.1
"221",255,"Serge Ibaka","Power Forward",26,"OKC",78,78,2500,6,12.5,0.479,0.9,2.6,0.326,5.1,9.9,0.52,1.3,1.7,0.752,2,5.6,7.7,1,0.5,2.1,1.6,3,14.2
"222",256,"Andre Iguodala","Small Forward",32,"GSW",65,1,1732,3.7,7.6,0.478,1.1,3.2,0.351,2.5,4.4,0.57,1.1,1.7,0.614,1.1,4.4,5.5,4.6,1.5,0.4,1.6,2.1,9.5
"223",257,"Ersan Ilyasova","Power Forward",28,"ORL",22,4,447,5.2,12.3,0.418,1.4,3.5,0.409,3.7,8.8,0.422,2.6,3.6,0.711,3.6,6.1,9.7,1,1.1,0.5,1,4.1,14.3
"224",258,"Ersan Ilyasova","Power Forward",28,"DET",52,52,1434,5.4,12.8,0.425,2,5.4,0.363,3.5,7.4,0.471,2,2.7,0.725,2.5,4.6,7.1,1.4,1,0.7,1.5,3,14.8
"225",259,"Ersan Ilyasova","Power Forward",28,"TOT",74,56,1881,5.4,12.7,0.424,1.8,5,0.371,3.5,7.7,0.458,2.1,2.9,0.721,2.8,5,7.7,1.3,1,0.6,1.4,3.3,14.7
"226",260,"Joe Ingles","Small Forward",28,"UTA",81,2,1241,3.6,8.4,0.426,2.3,6.1,0.386,1.2,2.3,0.531,0.4,0.5,0.722,0.6,3.8,4.4,2.8,1.6,0.1,1.9,2.8,9.9
"227",261,"Damien Inglis","Small Forward",20,"MIL",20,1,156,3,8.5,0.351,0.7,3,0.231,2.3,5.5,0.417,1.6,1.8,0.875,0.5,6.7,7.2,2.3,1.4,0.7,2.5,2.5,8.3
"228",262,"Kyrie Irving","Point Guard",23,"CLE",53,53,1667,8.5,19,0.448,1.8,5.7,0.321,6.7,13.3,0.502,3.6,4.1,0.885,1,2.4,3.4,5.4,1.2,0.4,2.7,2.3,22.5
"229",263,"Jarrett Jack","Point Guard",32,"BRK",32,32,1027,4.9,12.5,0.391,1.1,3.6,0.304,3.8,9,0.426,3.5,3.9,0.893,0.3,4.5,4.8,8.3,1.2,0.2,3.3,2.7,14.4
"230",264,"Reggie Jackson","Point Guard",25,"DET",79,79,2424,8,18.5,0.434,1.8,5,0.353,6.3,13.5,0.464,4.3,5,0.864,0.9,2.9,3.8,7.3,0.9,0.2,3.3,2.8,22.1
"231",265,"LeBron James","Small Forward",31,"CLE",76,76,2709,9.8,18.8,0.52,1.2,3.7,0.309,8.6,15.1,0.573,4.8,6.5,0.731,1.5,6,7.5,6.8,1.4,0.7,3.3,1.9,25.5
"232",267,"Cory Jefferson","Power Forward",25,"PHO",8,0,50,6.5,15.8,0.409,0,0.7,0,6.5,15.1,0.429,2.9,4.3,0.667,4.3,7.2,11.5,0,0,0.7,0,5.8,15.8
"233",268,"Richard Jefferson","Small Forward",35,"CLE",74,5,1326,3.9,8.5,0.458,1.8,4.7,0.382,2.1,3.8,0.554,1.6,2.4,0.667,0.4,3.1,3.5,1.6,0.9,0.4,1.2,3.5,11.1
"234",269,"John Jenkins","Shooting Guard",24,"PHO",22,2,287,5.3,11.3,0.467,1.6,4,0.406,3.6,7.3,0.5,1.5,1.9,0.8,0.5,3.9,4.4,3.3,0.6,0.1,2,1.4,13.7
"235",270,"John Jenkins","Shooting Guard",24,"DAL",21,1,193,5.4,13.1,0.414,0.6,3.5,0.158,4.8,9.5,0.51,1.5,1.7,0.889,0.7,3.4,4.1,1.7,0.6,0,2.1,2.1,12.9
"236",271,"John Jenkins","Shooting Guard",24,"TOT",43,3,480,5.3,12,0.444,1.2,3.8,0.314,4.1,8.2,0.505,1.5,1.8,0.833,0.6,3.7,4.3,2.6,0.6,0.1,2,1.6,13.3
"237",272,"Brandon Jennings","Point Guard",26,"ORL",25,6,452,4.7,12.8,0.366,2.2,6.2,0.346,2.5,6.6,0.386,2.4,3.2,0.75,0.9,3.1,4,8,1.4,0.4,2.8,2.6,13.9
"238",273,"Brandon Jennings","Point Guard",26,"DET",23,1,416,4.6,12.4,0.371,2.1,6.7,0.312,2.5,5.7,0.439,2.3,3.3,0.711,0.4,3.5,4,6.1,1,0.2,1.9,2.1,13.6
"239",274,"Brandon Jennings","Point Guard",26,"TOT",48,7,868,4.6,12.6,0.368,2.1,6.4,0.329,2.5,6.2,0.409,2.4,3.2,0.731,0.7,3.3,4,7.1,1.2,0.3,2.4,2.4,13.8
"240",275,"Jonas Jerebko","Power Forward",28,"BOS",78,0,1176,3.6,8.8,0.413,1.3,3.3,0.398,2.3,5.4,0.421,1.9,2.4,0.782,2.4,6.5,8.8,1.9,0.6,0.7,1.6,4.2,10.4
"241",276,"Amir Johnson","Power Forward",28,"BOS",79,76,1800,5,8.5,0.585,0.2,0.9,0.233,4.8,7.7,0.624,1.4,2.4,0.57,3.6,6.5,10.1,2.8,1,1.7,1.9,4.3,11.5
"242",277,"Chris Johnson","Small Forward",25,"UTA",70,2,857,3,8.1,0.371,1.1,4.2,0.273,1.9,4,0.474,1.4,1.8,0.81,1.1,4.4,5.5,1.9,1.3,0.8,1.7,4.2,8.6
"243",278,"James Johnson","Power Forward",28,"TOR",57,32,926,4.4,9.3,0.475,0.8,2.6,0.303,3.7,6.8,0.54,1.5,2.6,0.574,1.1,3.8,4.9,2.6,1.1,1.3,2.1,3.3,11.2
"244",279,"Joe Johnson","Small Forward",34,"MIA",24,24,769,6.1,11.8,0.518,1.6,3.9,0.417,4.4,7.8,0.569,1.2,1.6,0.765,0.7,2.5,3.2,4,1,0.1,2,2.2,15
"245",280,"Joe Johnson","Small Forward",34,"BRK",57,57,1934,4.6,11.3,0.406,1.6,4.3,0.371,3,7.1,0.427,1.7,2,0.852,0.6,3.5,4.2,4.3,0.7,0,2.2,1.9,12.5
"246",281,"Joe Johnson","Small Forward",34,"TOT",81,81,2703,5,11.4,0.439,1.6,4.2,0.383,3.4,7.3,0.471,1.6,1.9,0.831,0.7,3.2,3.9,4.2,0.8,0.1,2.1,1.9,13.2
"247",282,"Orlando Johnson","Shooting Guard",26,"NOP",5,1,54,2.7,11.3,0.235,0.7,3.3,0.2,2,8,0.25,0.7,1.3,0.5,0.7,3.3,4,1.3,0.7,0,2,2.7,6.7
"248",283,"Orlando Johnson","Shooting Guard",26,"PHO",2,0,47,3.8,13,0.294,0.8,3.8,0.2,3.1,9.2,0.333,3.8,4.6,0.833,2.3,4.6,6.9,0,1.5,2.3,0.8,3.8,12.3
"249",284,"Orlando Johnson","Shooting Guard",26,"TOT",7,1,101,3.2,12.1,0.265,0.7,3.6,0.2,2.5,8.6,0.292,2.1,2.9,0.75,1.4,3.9,5.3,0.7,1.1,1.1,1.4,3.2,9.3
"250",285,"Stanley Johnson","Small Forward",19,"DET",73,6,1687,4.8,12.8,0.375,1.3,4.4,0.307,3.5,8.4,0.41,1.7,2.2,0.784,1.2,5.3,6.5,2.5,1.2,0.3,2.4,3.8,12.7
"251",286,"Tyler Johnson","Shooting Guard",23,"MIA",36,5,863,4.9,10.1,0.486,1.1,3,0.38,3.8,7.2,0.529,2.1,2.7,0.797,1.2,3.4,4.5,3.3,1,0.6,2,2.8,13.1
"252",287,"Wesley Johnson","Small Forward",28,"LAC",80,9,1666,4.5,11.1,0.404,2.2,6.7,0.333,2.3,4.5,0.51,0.6,1,0.652,0.8,4.6,5.4,1.1,1.9,1.2,1.2,3.7,11.9
"253",288,"Nikola Jokic","Center",20,"DEN",80,55,1733,6.4,12.5,0.512,0.6,1.7,0.333,5.8,10.7,0.541,3.2,3.9,0.811,3.8,7.9,11.6,3.9,1.6,1,2.2,4.3,16.5
"254",290,"James Jones","Small Forward",35,"CLE",48,0,463,4.5,11,0.408,3.2,8.1,0.394,1.3,3,0.447,1.6,2,0.808,0.6,3.3,3.9,1.1,0.9,0.8,1,3.9,13.8
"255",291,"Terrence Jones","Power Forward",24,"HOU",50,11,1044,5.7,12.7,0.452,0.9,2.7,0.316,4.9,9.9,0.49,2.7,4,0.664,2.1,5.1,7.3,1.4,0.8,1.3,1.7,3,15
"256",292,"Tyus Jones","Point Guard",19,"MIN",37,0,573,3.5,9.8,0.359,1,3.3,0.302,2.5,6.5,0.388,1.8,2.5,0.718,0.4,2.5,3,6.8,1.9,0.2,2.1,2.1,9.8
"257",293,"DeAndre Jordan","Center",27,"LAC",77,77,2598,4.9,7,0.703,0,0,0,4.9,7,0.704,3.7,8.6,0.43,3.7,11,14.7,1.2,0.7,2.5,1.5,2.9,13.6
"258",294,"Cory Joseph","Shooting Guard",24,"TOR",80,4,2046,4.5,10.3,0.439,0.5,1.9,0.273,4,8.4,0.478,2.3,3.1,0.764,0.7,3,3.7,4.4,1.1,0.4,1.8,2.3,11.9
"259",295,"Chris Kaman","Center",33,"POR",16,2,112,6.4,13.8,0.465,0.3,1.3,0.25,6.1,12.5,0.487,1,1,1,2.3,5.5,7.7,3.5,0.3,0.3,2.6,4.8,14.1
"260",296,"Frank Kaminsky","Center",22,"CHO",81,3,1708,4.5,11.1,0.41,1.4,4.3,0.337,3.1,6.8,0.455,2.3,3.1,0.73,1.5,5.6,7.1,2.1,0.8,0.9,1.2,2.7,12.8
"261",297,"Enes Kanter","Center",23,"OKC",82,1,1721,8.7,15,0.576,0.2,0.4,0.476,8.5,14.6,0.579,4.2,5.3,0.797,5.2,8.7,13.9,0.7,0.5,0.7,2.4,3.5,21.7
"262",298,"Sergey Karasev","Small Forward",22,"BRK",40,5,399,2.7,6.7,0.405,1,3.3,0.297,1.7,3.3,0.514,2.3,2.5,0.929,0.7,4.5,5.2,3.2,0.5,0.2,2,2.4,8.8
"263",300,"Ryan Kelly","Power Forward",24,"LAL",36,0,470,4.2,11.4,0.369,0.4,2.8,0.135,3.8,8.6,0.446,2.8,4.1,0.685,1.6,7.7,9.3,1.5,1,0.8,1.4,3,11.6
"264",301,"Michael Kidd-Gilchrist","Small Forward",22,"CHO",7,7,205,5.8,10.7,0.541,0.5,1.2,0.429,5.3,9.5,0.556,3.5,5.1,0.69,2.1,5.8,7.9,1.6,0.5,0.5,1.4,1.6,15.6
"265",302,"Sean Kilpatrick","Shooting Guard",26,"BRK",23,0,534,7.8,16.8,0.462,2.4,6.5,0.361,5.4,10.2,0.526,3.6,4,0.898,0.7,2.7,3.4,1.8,0.7,0.1,1.8,2,21.4
"266",303,"Sean Kilpatrick","Shooting Guard",26,"DEN",8,0,82,3.5,9.2,0.381,1.8,7.5,0.235,1.8,1.8,1,3.1,3.5,0.875,0.9,1.8,2.6,1.3,0.9,0,1.8,3.1,11.9
"267",304,"Sean Kilpatrick","Shooting Guard",26,"TOT",31,0,616,7.2,15.8,0.456,2.3,6.7,0.342,4.9,9.1,0.538,3.5,3.9,0.896,0.7,2.6,3.3,1.7,0.7,0.1,1.8,2.2,20.2
"268",305,"Brandon Knight","Shooting Guard",24,"PHO",52,50,1870,7.1,17.2,0.415,2.3,6.8,0.342,4.8,10.5,0.461,3,3.5,0.852,0.7,3.2,3.9,5.1,1.2,0.4,3.4,2.4,19.6
"269",306,"Kyle Korver","Shooting Guard",34,"ATL",80,80,2401,4,9.2,0.435,2.4,6,0.398,1.6,3.3,0.502,0.7,0.8,0.833,0.2,3.7,3.9,2.5,0.9,0.5,1.5,2.4,11.1
"270",308,"Jeremy Lamb","Shooting Guard",23,"CHO",66,0,1227,6.7,15,0.451,1.6,5.3,0.309,5.1,9.7,0.529,1.9,2.6,0.727,1.3,6.1,7.4,2.3,1.2,0.9,1.5,3.1,17
"271",309,"Carl Landry","Power Forward",32,"PHI",36,12,569,8.8,15.8,0.556,0.4,0.8,0.462,8.4,15,0.561,4.2,5.8,0.736,3.1,6.1,9.2,2,0.8,0.6,1.4,4.4,22.2
"272",310,"Shane Larkin","Point Guard",23,"BRK",78,17,1751,4.6,10.3,0.442,0.8,2.2,0.361,3.8,8.1,0.464,1.7,2.2,0.776,0.6,3.1,3.7,7,2,0.2,3,2.5,11.6
"273",311,"Joffrey Lauvergne","Center",24,"DEN",59,15,1041,6.7,13.1,0.513,0.4,1.8,0.245,6.3,11.3,0.557,2.1,2.4,0.899,2.7,7.4,10,1.9,0.4,0.5,1.9,4,16.1
"274",312,"Zach LaVine","Shooting Guard",20,"MIN",82,33,2294,6.8,15,0.452,1.9,5,0.389,4.9,10.1,0.482,2.5,3.2,0.793,0.4,3.2,3.6,3.9,1.1,0.3,2.4,3,18
"275",313,"Ty Lawson","Point Guard",28,"IND",13,1,235,4.3,10.3,0.418,0.8,2.1,0.357,3.5,8.1,0.434,0.5,0.9,0.5,0.9,3.8,4.7,8.7,1.5,0.2,2,2.5,9.8
"276",314,"Ty Lawson","Point Guard",28,"HOU",53,12,1176,3.4,8.8,0.387,0.9,2.9,0.33,2.4,5.9,0.415,1.7,2.4,0.7,0.6,2.1,2.7,5.5,1.3,0.2,2.5,2.2,9.5
"277",315,"Ty Lawson","Point Guard",28,"TOT",66,13,1411,3.5,9,0.393,0.9,2.8,0.333,2.6,6.3,0.419,1.5,2.2,0.686,0.7,2.4,3.1,6,1.4,0.2,2.4,2.2,9.5
"278",316,"Courtney Lee","Shooting Guard",30,"CHO",28,28,845,4.2,9.4,0.445,1.3,3.4,0.392,2.9,6,0.475,1,1.1,0.885,0.4,3.3,3.7,2.6,1.4,0.5,1,2.3,10.7
"279",317,"Courtney Lee","Shooting Guard",30,"MEM",51,37,1489,4.6,10.1,0.458,1.2,3.3,0.37,3.4,6.8,0.502,1.8,2.2,0.826,0.5,2.4,2.9,1.8,1.3,0.4,1.2,1.9,12.4
"280",318,"Courtney Lee","Shooting Guard",30,"TOT",79,65,2334,4.5,9.9,0.454,1.3,3.3,0.378,3.2,6.5,0.493,1.5,1.8,0.839,0.4,2.7,3.2,2.1,1.3,0.4,1.1,2.1,11.7
"281",320,"David Lee","Power Forward",32,"BOS",30,4,470,6.7,14.7,0.453,0,0.1,0,6.7,14.6,0.455,3.1,3.9,0.784,3.1,6.8,10,4.1,0.9,1,2.9,3.9,16.4
"282",321,"David Lee","Power Forward",32,"TOT",55,5,903,7.1,13.4,0.531,0,0,0,7.1,13.3,0.533,2.8,3.7,0.763,4,8.1,12.2,3.3,0.9,1.1,2.6,4.5,17
"283",322,"Alex Len","Center",22,"PHO",78,46,1821,5.2,12.3,0.423,0,0.1,0.143,5.2,12.2,0.426,3.4,4.7,0.728,3.5,8.2,11.7,1.9,0.8,1.2,2.9,4.5,13.9
"284",323,"Kawhi Leonard","Small Forward",24,"SAS",72,72,2380,8.3,16.5,0.506,2,4.4,0.443,6.4,12.1,0.528,4.4,5.1,0.874,1.4,6,7.5,2.8,1.9,1.1,1.6,2,23
"285",324,"Meyers Leonard","Power Forward",23,"POR",61,10,1333,5.3,11.7,0.448,2.3,6.2,0.377,2.9,5.6,0.527,0.9,1.2,0.761,1.4,7.1,8.5,2.5,0.2,0.5,2.1,4.9,13.8
"286",325,"Jon Leuer","Power Forward",26,"PHO",67,27,1255,6.4,13.4,0.481,1.2,3.2,0.382,5.2,10.2,0.511,2.2,2.9,0.762,2.2,8.5,10.7,2.1,1.1,0.9,2.2,3.6,16.3
"287",326,"Damian Lillard","Point Guard",25,"POR",75,75,2676,8.3,19.8,0.419,3.1,8.2,0.375,5.2,11.6,0.45,5.6,6.2,0.892,0.6,3.5,4.1,6.9,0.9,0.4,3.3,2.2,25.3
"288",327,"Jeremy Lin","Shooting Guard",27,"CHO",78,13,2048,5.3,12.8,0.412,1.3,4,0.336,3.9,8.8,0.446,4.2,5.1,0.815,0.7,3.7,4.4,4.1,1,0.7,2.6,2.9,16.1
"289",328,"Shaun Livingston","Point Guard",30,"GSW",78,3,1520,4.8,9,0.536,0,0.3,0.167,4.8,8.7,0.548,1.9,2.2,0.86,1,3,4,5.6,1.4,0.6,1.8,3.3,11.6
"290",330,"Brook Lopez","Center",27,"BRK",73,73,2457,8.7,17,0.511,0,0.2,0.143,8.6,16.7,0.515,4.6,5.9,0.787,3,5.4,8.4,2.2,0.8,1.8,2.6,3.2,22
"291",331,"Robin Lopez","Center",27,"NYK",82,82,2219,5.8,10.7,0.539,0,0,0,5.8,10.7,0.54,2.1,2.6,0.795,4.3,5.4,9.8,1.8,0.3,2.1,2.2,3,13.7
"292",332,"Kevin Love","Power Forward",27,"CLE",77,77,2424,6.1,14.5,0.419,2.3,6.5,0.36,3.7,8,0.467,3.8,4.7,0.822,2.2,9.1,11.3,2.8,0.9,0.6,2.1,2.4,18.3
"293",333,"Kyle Lowry","Point Guard",29,"TOR",77,77,2851,6.5,15.1,0.427,2.7,6.9,0.388,3.8,8.2,0.461,5,6.2,0.811,0.7,3.9,4.6,6.2,2,0.4,2.8,2.7,20.6
"294",334,"Trey Lyles","Power Forward",20,"UTA",80,33,1382,5,11.4,0.438,1.3,3.3,0.383,3.7,8,0.461,1.5,2.1,0.695,1.5,6.3,7.8,1.5,0.7,0.5,1.7,3,12.7
"295",335,"Shelvin Mack","Point Guard",25,"UTA",28,27,879,5.8,13.1,0.444,1.4,4,0.357,4.4,9.1,0.482,1.5,2,0.735,0.5,3.9,4.3,6.1,1.1,0.1,3.3,2.7,14.5
"296",336,"Shelvin Mack","Point Guard",25,"ATL",24,0,179,8,19.1,0.421,0.8,5.4,0.148,7.2,13.7,0.529,1.8,2.4,0.75,0.4,4,4.4,7.6,1.6,0,2.8,1.4,18.7
"297",337,"Shelvin Mack","Point Guard",25,"TOT",52,27,1058,6.2,14.1,0.439,1.3,4.3,0.312,4.9,9.9,0.493,1.5,2.1,0.738,0.4,3.9,4.4,6.4,1.2,0.1,3.2,2.4,15.2
"298",339,"Devyn Marble","Shooting Guard",23,"ORL",28,0,249,3,10.3,0.296,1.2,4.6,0.25,1.9,5.6,0.333,1.4,3.5,0.417,0.9,4.6,5.5,1.7,1.9,0.1,1,3.6,8.7
"299",341,"Kendall Marshall","Point Guard",24,"PHI",30,6,400,3.9,10.6,0.364,1.4,4.4,0.327,2.4,6.2,0.391,0.8,1.2,0.692,0.2,2.3,2.5,6.6,1.4,0.2,3.9,2.7,10
"300",342,"Jarell Martin","Power Forward",21,"MEM",27,0,380,5.1,11,0.466,0,0.2,0,5.1,10.8,0.474,4.3,5.9,0.726,3.7,4.5,8.1,1.4,0.8,0.7,1.8,5.5,14.5
"301",343,"Kevin Martin","Shooting Guard",32,"SAS",16,1,261,4.1,11.7,0.353,1.5,4.6,0.333,2.6,7.2,0.365,3.9,4.1,0.933,0.6,3.4,4,1.7,1.2,0.3,1.8,2.1,13.7
"302",344,"Kevin Martin","Shooting Guard",32,"MIN",39,12,834,5.4,14.4,0.377,1.6,4.4,0.369,3.8,10,0.381,5.4,6.1,0.88,0.4,3.1,3.5,2,0.7,0,1.8,2.9,17.9
"303",345,"Kevin Martin","Shooting Guard",32,"TOT",55,13,1095,5.1,13.8,0.372,1.6,4.5,0.36,3.5,9.3,0.378,5,5.7,0.89,0.5,3.2,3.6,1.9,0.9,0.1,1.8,2.7,16.9
"304",346,"Wesley Matthews","Small Forward",29,"DAL",78,78,2644,4.5,11.6,0.388,2.6,7.1,0.36,1.9,4.5,0.432,1.7,2,0.863,0.4,2.9,3.2,2.1,1.1,0.2,1.1,2.4,13.3
"305",347,"O.J. Mayo","Shooting Guard",28,"MIL",41,24,1090,3.9,10.6,0.371,1.7,5.4,0.321,2.2,5.3,0.421,1,1.3,0.775,0.4,3,3.5,3.9,1.6,0.3,2.4,4.2,10.6
"306",348,"Luc Mbah a Moute","Power Forward",29,"LAC",75,61,1274,2.7,5.8,0.454,0.4,1.1,0.325,2.3,4.7,0.485,0.8,1.6,0.526,1.7,3.1,4.8,0.8,1.2,0.5,1,2.8,6.5
"307",349,"James Michael McAdoo","Power Forward",23,"GSW",41,1,262,6.2,11.5,0.536,0.1,0.3,0.5,6,11.3,0.537,3.6,6.7,0.531,4.1,3.8,8,2.3,1.4,1.1,2.2,5.4,16.1
"308",350,"Ray McCallum","Point Guard",24,"MEM",10,3,219,4.6,13,0.354,1.6,4.3,0.385,3,8.7,0.34,0.5,0.8,0.6,0.3,2.3,2.6,4.4,1.2,0.5,2.1,2.5,11.3
"309",351,"Ray McCallum","Point Guard",24,"SAS",31,3,256,3.8,9.4,0.403,0.7,2.3,0.313,3.1,7.2,0.431,1.3,1.4,0.9,0.8,3.5,4.4,4.6,0.7,0.6,1.5,2,9.6
"310",352,"Ray McCallum","Point Guard",24,"TOT",41,6,475,4.2,11.1,0.377,1.1,3.2,0.357,3,7.9,0.385,0.9,1.1,0.8,0.6,3,3.6,4.5,0.9,0.5,1.8,2.2,10.4
"311",353,"C.J. McCollum","Shooting Guard",24,"POR",80,80,2780,8.3,18.5,0.448,2.6,6.1,0.417,5.7,12.4,0.463,2.4,2.9,0.827,0.6,2.7,3.4,4.4,1.3,0.3,2.5,2.4,21.6
"312",354,"T.J. McConnell","Point Guard",23,"PHI",81,17,1606,4.9,10.4,0.47,0.7,2,0.348,4.2,8.4,0.499,0.6,0.9,0.634,1,4.6,5.6,8.2,2.1,0.2,3.1,2.6,11.1
"313",355,"Chris McCullough","Power Forward",20,"BRK",24,4,362,4.4,10.8,0.404,1.3,3.4,0.382,3.1,7.5,0.413,1.1,2.3,0.478,2.5,4.3,6.8,0.9,2.8,1.2,1.5,3.9,11.1
"314",356,"K.J. McDaniels","Small Forward",22,"HOU",37,1,235,4.4,11,0.403,1.1,3.8,0.28,3.4,7.2,0.468,3.7,4.6,0.8,2.5,4,6.4,1.5,1.1,0.9,2.6,4.6,13.6
"315",357,"Doug McDermott","Small Forward",24,"CHI",81,4,1861,5.6,12.5,0.452,2.1,5,0.425,3.5,7.4,0.47,1.4,1.6,0.857,0.7,3.1,3.8,1.1,0.3,0.1,1,2.5,14.8
"316",358,"Mitch McGary","Power Forward",23,"OKC",20,0,72,5.5,11.5,0.478,0,2,0,5.5,9.5,0.579,2,5,0.4,2,7,9,1.5,0.5,1,3.5,5,13
"317",359,"JaVale McGee","Center",28,"DAL",34,2,370,7.5,13,0.575,0,0.1,0,7.5,12.9,0.579,1.8,3.5,0.5,5.2,7.8,12.9,0.3,0.5,2.5,2,4.8,16.7
"318",360,"Ben McLemore","Shooting Guard",22,"SAC",68,53,1443,4.9,11.4,0.429,1.7,4.6,0.362,3.2,6.7,0.474,1.8,2.6,0.718,0.8,2.8,3.7,2,1.3,0.2,2.5,3.5,13.2
"319",361,"Jordan McRae","Point Guard",24,"CLE",15,1,113,7.3,16.6,0.442,2.2,3.5,0.636,5.1,13.1,0.39,2.9,4.1,0.692,0.6,3.2,3.8,4.8,0,0.3,2.9,3.2,19.8
"320",362,"Jordan McRae","Point Guard",24,"PHO",7,0,82,4.8,11.4,0.423,1.3,4.8,0.273,3.5,6.6,0.533,5.3,6.6,0.8,0.9,2.6,3.5,4.4,1.3,0,2.6,3.1,16.2
"321",363,"Jordan McRae","Point Guard",24,"TOT",22,1,195,6.3,14.4,0.436,1.8,4.1,0.455,4.4,10.3,0.429,3.9,5.2,0.75,0.7,3,3.7,4.6,0.6,0.2,2.8,3.1,18.3
"322",364,"Josh McRoberts","Power Forward",28,"MIA",42,1,595,3.3,9,0.372,0.7,3,0.245,2.6,6,0.434,1.7,2.4,0.7,1.3,5,6.4,4.9,1.1,0.4,1.8,4.1,9.1
"323",365,"Jodie Meeks","Shooting Guard",28,"DET",3,0,43,5.9,16.7,0.35,3.3,7.5,0.444,2.5,9.2,0.273,3.3,3.3,1,0.8,3.3,4.2,2.5,0,0,0.8,1.7,18.4
"324",366,"Salah Mejri","Center",29,"DAL",34,6,397,4.4,7.1,0.628,0,0.1,0,4.4,7,0.636,2.4,4.2,0.587,3.7,7.4,11.2,0.9,0.7,3.3,2.1,4.9,11.3
"325",368,"Khris Middleton","Shooting Guard",24,"MIL",79,79,2852,6.4,14.4,0.444,1.8,4.6,0.396,4.6,9.9,0.466,3.5,3.9,0.888,0.6,3.3,3.8,4.2,1.7,0.2,2.3,2.6,18.1
"326",369,"C.J. Miles","Small Forward",28,"IND",64,24,1464,6.4,15.6,0.409,3.5,9.5,0.367,2.9,6.1,0.474,2.3,3,0.75,0.6,3.7,4.3,1.5,1.3,0.7,1.7,3.5,18.5
"327",370,"Andre Miller","Point Guard",39,"SAS",13,4,181,4.6,9.5,0.479,0.2,0.8,0.25,4.4,8.8,0.5,1.8,2.6,0.692,1.2,4.2,5.4,5.8,1.4,0,2.4,2.8,11.1
"328",371,"Andre Miller","Point Guard",39,"MIN",26,0,280,4.6,7.5,0.621,0.1,0.5,0.25,4.5,6.9,0.648,1.9,2.4,0.789,0.8,2.3,3.1,7.5,1.2,0,3.2,4.1,11.3
"329",372,"Andre Miller","Point Guard",39,"TOT",39,4,461,4.6,8.3,0.557,0.2,0.6,0.25,4.5,7.7,0.582,1.9,2.5,0.75,0.9,3,4,6.8,1.2,0,2.9,3.6,11.2
"330",374,"Patty Mills","Point Guard",27,"SAS",81,3,1662,5.6,13.3,0.425,2.7,6.9,0.384,3,6.3,0.469,1,1.3,0.81,0.6,2.8,3.4,4.9,1.3,0.1,1.6,2.2,14.9
"331",375,"Elijah Millsap","Shooting Guard",28,"UTA",20,0,173,2.3,8.1,0.282,0.2,2.5,0.083,2.1,5.6,0.37,2.7,3.7,0.722,1.2,6,7.3,4,1.5,0.6,1.9,6.9,7.5
"332",376,"Paul Millsap","Power Forward",30,"ATL",81,81,2647,6.8,14.5,0.47,1,3.2,0.319,5.8,11.3,0.512,4.2,5.5,0.757,2.7,7.3,10,3.6,2,1.9,2.6,3.2,18.8
"333",377,"Nikola Mirotic","Power Forward",24,"CHI",66,38,1646,5.4,13.3,0.407,3,7.6,0.39,2.5,5.8,0.43,3.2,4,0.807,1.3,6.6,7.9,2.2,1.3,1,2.2,3.3,17
"334",379,"Greg Monroe","Center",25,"MIL",79,67,2314,7.6,14.6,0.522,0,0,0,7.6,14.6,0.522,3.5,4.8,0.74,3.4,7.4,10.8,2.8,1.1,1,2,2.5,18.8
"335",380,"Luis Montero","Shooting Guard",22,"POR",12,0,42,4.3,16.3,0.263,0.9,7.7,0.111,3.4,8.6,0.4,2.6,3.4,0.75,0,3.4,3.4,0.9,0,0,3.4,0.9,12
"336",381,"E'Twaun Moore","Shooting Guard",26,"CHI",59,22,1263,5.3,11.1,0.481,1.3,3,0.452,4,8.1,0.491,0.6,1,0.629,0.5,3.2,3.8,2.8,1.1,0.5,1.5,2.9,12.6
"337",383,"Marcus Morris","Small Forward",26,"DET",80,80,2856,5.2,11.9,0.434,1.4,3.8,0.362,3.8,8.2,0.467,2.6,3.4,0.749,1.1,3.9,5.1,2.5,0.8,0.3,1.8,2.1,14.3
"338",384,"Markieff Morris","Power Forward",26,"WAS",27,21,712,6.8,14.5,0.467,1.3,4,0.316,5.5,10.5,0.524,2.1,2.8,0.764,1.5,6.5,8,1.9,1.3,0.9,2.3,4,16.9
"339",385,"Markieff Morris","Power Forward",26,"PHO",37,24,917,6.7,16.9,0.397,0.9,3,0.289,5.8,13.9,0.42,2.6,3.6,0.717,1.7,5.9,7.6,3.4,1.3,0.7,3.5,4.1,16.9
"340",386,"Markieff Morris","Power Forward",26,"TOT",64,45,1629,6.7,15.9,0.425,1,3.4,0.303,5.7,12.4,0.458,2.4,3.2,0.735,1.6,6.2,7.8,2.7,1.3,0.8,3,4.1,16.9
"341",387,"Anthony Morrow","Shooting Guard",30,"OKC",68,6,926,5.3,12.9,0.408,3.1,7.9,0.387,2.2,5,0.442,1.1,1.5,0.744,0.4,2,2.4,0.9,0.9,0.2,0.7,2.5,14.8
"342",388,"Donatas Motiejunas","Power Forward",25,"HOU",37,22,547,5.9,13.5,0.439,1.1,3.8,0.281,4.9,9.7,0.5,2.2,3.5,0.642,2.4,4.7,7.2,2.7,1.1,0.3,2.9,4.5,15.1
"343",389,"Timofey Mozgov","Center",29,"CLE",76,48,1326,5.5,9.7,0.565,0,0.2,0.143,5.5,9.6,0.574,1.8,2.6,0.716,3,6.2,9.1,0.9,0.6,1.5,1.9,4.3,12.9
"344",390,"Emmanuel Mudiay","Point Guard",19,"DEN",68,66,2068,5.7,15.8,0.364,1.3,4,0.319,4.4,11.7,0.379,2.4,3.6,0.67,0.6,3.5,4,6.5,1.1,0.6,3.8,2.5,15.2
"345",391,"Shabazz Muhammad","Small Forward",23,"MIN",82,0,1682,6.8,14.6,0.465,0.9,3.3,0.289,5.8,11.3,0.516,4,5.2,0.764,2.1,3.6,5.7,1.1,0.5,0.1,1.5,2,18.5
"346",392,"Xavier Munford","Shooting Guard",23,"MEM",14,0,244,4.7,11.4,0.416,1.3,3.4,0.391,3.4,8,0.426,1,2.1,0.5,0.4,4.1,4.6,3.2,1.9,0.4,2.2,3.7,11.8
"347",393,"Mike Muscala","Center",24,"ATL",60,0,565,4.8,9.7,0.5,0.8,2.5,0.308,4.1,7.2,0.566,2,2.5,0.795,2.4,5,7.5,2.2,0.8,1.7,1.7,4.6,12.4
"348",394,"Larry Nance Jr.","Power Forward",23,"LAL",63,22,1266,4.5,8.5,0.527,0,0.3,0.1,4.5,8.2,0.541,0.9,1.3,0.681,2.9,6,8.9,1.3,1.5,0.7,1.2,3.5,9.9
"349",395,"Shabazz Napier","Point Guard",24,"ORL",55,0,600,4.1,12.1,0.338,2,6.2,0.327,2,5.8,0.351,2,2.7,0.733,0.5,2.8,3.3,5.8,1.4,0.1,2.8,2.3,12.2
"350",396,"Gary Neal","Shooting Guard",31,"WAS",40,2,807,6.7,14.5,0.465,1.8,4.5,0.41,4.9,10,0.489,2.1,2.5,0.855,0.5,3.2,3.7,2.1,0.9,0,1.3,2.5,17.4
"351",397,"Jameer Nelson","Point Guard",33,"DEN",39,15,1036,3.9,10.7,0.368,1.5,5,0.299,2.4,5.7,0.429,1,1.2,0.857,0.7,3.3,4,6.6,0.9,0.2,2.3,3.5,10.4
"352",398,"Raul Neto","Point Guard",23,"UTA",81,53,1499,4.3,10,0.431,1.5,3.9,0.395,2.8,6.1,0.453,1.2,1.7,0.743,0.4,2.5,2.9,4.2,1.5,0,2.6,2.9,11.4
"353",399,"Andrew Nicholson","Power Forward",26,"ORL",56,0,823,6.4,13.6,0.471,1.8,5,0.36,4.6,8.6,0.536,2.2,2.8,0.785,1.5,7.3,8.8,1.1,0.4,1,1.8,3,16.8
"354",400,"Joakim Noah","Center",30,"CHI",29,2,635,2.9,7.5,0.383,0,0.1,0,2.9,7.5,0.386,1.2,2.6,0.489,4.9,9.5,14.5,6.2,1,1.6,2.9,4.4,7
"355",401,"Nerlens Noel","Center",21,"PHI",67,62,1965,5.6,10.8,0.521,0,0,0.5,5.6,10.7,0.521,2.5,4.2,0.59,2.8,7.1,9.9,2.2,2.2,1.8,2.9,3.5,13.7
"356",402,"Lucas Nogueira","Center",23,"TOR",29,1,225,4.5,7,0.636,0.2,0.5,0.333,4.3,6.6,0.659,1.3,2.4,0.533,2.9,4.5,7.4,1.1,1.9,1.9,1.8,4.6,10.4
"357",405,"Steve Novak","Power Forward",32,"TOT",10,0,44,6.5,14.7,0.444,5.7,12.3,0.467,0.8,2.5,0.333,0.8,0.8,1,0,4.1,4.1,0,0,0,0.8,2.5,19.6
"358",406,"Dirk Nowitzki","Power Forward",37,"DAL",75,75,2364,7.6,16.9,0.448,1.9,5.2,0.368,5.7,11.7,0.483,3.8,4.3,0.893,0.8,6.7,7.4,2,0.8,0.8,1.3,2.5,20.9
"359",407,"Jusuf Nurkic","Center",21,"DEN",32,3,547,6.6,15.9,0.417,0,0.2,0,6.6,15.7,0.423,4,6.5,0.616,4.3,7.2,11.5,2.6,1.6,2.9,3.6,6,17.3
"360",409,"Johnny O'Bryant","Power Forward",22,"MIL",66,4,857,3.6,8.8,0.411,0,0,1,3.6,8.7,0.409,1.1,1.7,0.675,2.7,4.7,7.4,1.3,0.8,0.3,1.3,4.2,8.4
"361",410,"Kyle O'Quinn","Power Forward",25,"NYK",65,1,764,6.1,12.8,0.476,0.2,1,0.227,5.8,11.7,0.498,2.2,2.8,0.767,3.6,8.2,11.8,3.4,0.9,2.3,2.9,5,14.6
"362",411,"Jahlil Okafor","Center",20,"PHI",53,48,1591,9,17.7,0.508,0,0.1,0.167,9,17.5,0.511,3,4.4,0.686,2.8,5.7,8.4,1.5,0.5,1.4,2.8,3.2,21
"363",412,"Victor Oladipo","Shooting Guard",23,"ORL",72,52,2379,6.4,14.7,0.438,1.5,4.3,0.348,4.9,10.4,0.475,3.1,3.7,0.83,0.7,4.5,5.2,4.3,1.8,0.8,2.3,2.6,17.4
"364",413,"Kelly Olynyk","Center",24,"BOS",69,8,1395,6.5,14.3,0.455,2.2,5.4,0.405,4.3,8.9,0.486,2.5,3.3,0.75,1.9,5.4,7.3,2.7,1.3,0.9,1.9,4.2,17.7
"365",414,"Kelly Oubre","Small Forward",20,"WAS",63,9,671,4.8,11.3,0.427,1.3,4.2,0.316,3.5,7.1,0.492,1.7,2.6,0.633,1.3,5.8,7.1,0.7,1.2,0.4,1.8,5.4,12.7
"366",415,"Zaza Pachulia","Center",31,"DAL",76,69,2004,3.9,8.4,0.466,0,0.1,0,3.9,8.4,0.469,3.8,5,0.768,4.5,8.4,12.9,2.3,1.1,0.4,2.1,3.3,11.7
"367",416,"Kostas Papanikolaou","Small Forward",25,"DEN",26,6,294,2.9,8.1,0.364,1.2,3.9,0.313,1.7,4.2,0.412,1.1,1.7,0.643,1,3.9,4.9,2,1.6,0.6,2.6,2.9,8.2
"368",417,"Jabari Parker","Power Forward",20,"MIL",76,72,2408,6.6,13.4,0.493,0.1,0.5,0.257,6.5,12.9,0.502,2.6,3.4,0.768,1.8,4.1,5.9,1.9,1,0.4,1.7,2.3,16
"369",418,"Tony Parker","Point Guard",33,"SAS",72,72,1980,6.4,12.9,0.493,0.5,1.2,0.415,5.9,11.7,0.501,2.4,3.1,0.76,0.3,2.9,3.2,6.9,1,0.2,2.4,2.1,15.6
"370",419,"Chandler Parsons","Small Forward",27,"DAL",61,51,1799,6.4,13,0.492,2.1,5,0.414,4.3,8,0.54,1.9,2.7,0.684,0.6,5.1,5.7,3.4,0.9,0.4,1.9,2.3,16.7
"371",420,"Lamar Patterson","Shooting Guard",24,"ATL",35,0,395,2.6,7.3,0.35,1.1,4.5,0.245,1.5,2.8,0.516,1.5,2,0.727,0.4,4.2,4.6,3.6,0.8,0.2,2.1,4.1,7.7
"372",421,"Patrick Patterson","Power Forward",26,"TOR",79,0,2020,3.6,8.8,0.414,1.9,5.2,0.362,1.7,3.6,0.49,0.5,0.6,0.853,1.4,4.7,6.1,1.7,0.9,0.6,1.2,2.3,9.7
"373",422,"Chris Paul","Point Guard",30,"LAC",74,74,2420,7.7,16.6,0.462,1.8,4.9,0.371,5.8,11.7,0.501,4.4,4.9,0.896,0.6,4,4.6,11,2.3,0.2,2.9,2.8,21.5
"374",423,"Adreian Payne","Power Forward",24,"MIN",52,2,486,3.9,10.7,0.366,0.7,2.4,0.281,3.3,8.4,0.389,1.3,1.9,0.654,1.5,6.7,8.2,2.1,1.2,0.8,2.7,5.7,9.8
"375",424,"Cameron Payne","Point Guard",21,"OKC",57,1,698,5.9,14.3,0.41,1.9,5.7,0.324,4,8.6,0.467,1,1.2,0.792,0.5,3.9,4.4,5.6,1.9,0.3,2.3,4.1,14.6
"376",425,"Elfrid Payton","Point Guard",21,"ORL",73,69,2145,5.3,12.3,0.436,0.5,1.5,0.326,4.8,10.7,0.451,1.9,3.2,0.589,1.3,3.1,4.4,7.9,1.5,0.3,3,2.7,13.1
"377",428,"Paul Pierce","Small Forward",38,"LAC",68,38,1231,4.2,11.6,0.363,2.2,7.1,0.31,2,4.5,0.445,1.6,1.9,0.818,0.4,5.1,5.4,2.1,1,0.5,1.7,3.8,12.2
"378",429,"Tibor Pleiss","Center",26,"UTA",12,0,82,4.8,11,0.44,0,0.9,0,4.8,10.1,0.478,0.9,0.9,1,2.6,4,6.6,0.9,0.4,0.9,3.5,8.3,10.5
"379",430,"Mason Plumlee","Center",25,"POR",82,82,2084,4.6,8.9,0.516,0,0.1,0,4.6,8.9,0.52,3.7,5.8,0.642,3.5,7.4,10.8,3.9,1.2,1.5,2.7,4.4,12.9
"380",432,"Otto Porter","Small Forward",22,"WAS",75,73,2276,5.4,11.3,0.473,1.6,4.2,0.367,3.8,7.1,0.536,1.5,2,0.754,1.5,4.7,6.2,1.9,1.7,0.5,1.1,2.6,13.8
"381",433,"Bobby Portis","Power Forward",20,"CHI",62,4,1102,6.1,14.2,0.427,0.5,1.7,0.308,5.6,12.5,0.443,1.6,2.2,0.727,4,7,11,1.7,0.8,0.7,1.8,3.3,14.2
"382",434,"Kristaps Porzingis","Power Forward",20,"NYK",72,72,2047,6.6,15.6,0.421,1.4,4.3,0.333,5.1,11.3,0.454,3.5,4.2,0.838,2.3,6.9,9.3,1.7,0.9,2.4,2.1,3.6,18.1
"383",435,"Dwight Powell","Power Forward",24,"DAL",69,2,992,5.3,10.7,0.493,0.1,0.6,0.125,5.2,10.2,0.514,3.8,5.2,0.739,3,6.9,9.9,1.6,1.3,0.9,1.5,4.3,14.5
"384",436,"Norman Powell","Shooting Guard",22,"TOR",49,24,725,4.8,11.4,0.424,1.8,4.4,0.404,3,7,0.436,2.1,2.6,0.811,0.8,4.7,5.5,2.3,1.4,0.5,1.6,2.9,13.6
"385",437,"Phil Pressey","Point Guard",24,"PHO",9,0,113,2.9,7.3,0.391,0,1.6,0,2.9,5.7,0.5,1.3,2.2,0.571,1,1.6,2.5,9.2,2.2,1,4.5,4.5,7
"386",438,"Phil Pressey","Point Guard",24,"PHI",14,0,170,4.4,11.6,0.382,0.8,2.8,0.308,3.6,8.9,0.405,1.9,3.8,0.5,0,4.9,4.9,9.7,2.3,0.2,4,3,11.6
"387",439,"Phil Pressey","Point Guard",24,"TOT",23,0,283,3.8,9.9,0.385,0.5,2.3,0.222,3.3,7.6,0.433,1.7,3.2,0.52,0.4,3.6,3.9,9.5,2.3,0.5,4.2,3.6,9.8
"388",440,"Ronnie Price","Point Guard",32,"PHO",62,18,1211,3.4,9,0.384,2,5.8,0.347,1.4,3.2,0.453,0.9,1.2,0.756,0.7,2.2,2.9,4.4,2.2,0.4,2.1,4.8,9.8
"389",441,"Pablo Prigioni","Point Guard",38,"LAC",59,3,823,2.4,6.4,0.374,1.2,4.2,0.295,1.2,2.3,0.519,0.3,0.3,0.875,1.7,3.3,5,5.7,2.3,0,2.1,3.6,6.3
"390",442,"Tayshaun Prince","Small Forward",35,"MIN",77,44,1462,2.5,5.6,0.445,0.1,0.6,0.174,2.4,5.1,0.476,0.3,0.5,0.684,0.8,2.8,3.6,1.8,0.9,0.3,0.7,1.5,5.4
"391",443,"Julius Randle","Power Forward",21,"LAL",81,60,2286,5.6,13.1,0.429,0.2,0.6,0.278,5.5,12.6,0.436,3,4.3,0.715,2.7,10.3,13.1,2.3,0.8,0.5,2.3,3.8,14.5
"392",444,"Zach Randolph","Power Forward",34,"MEM",68,53,2016,7.7,16.2,0.475,0.1,0.5,0.231,7.6,15.7,0.482,3.1,3.9,0.796,3.2,6.2,9.4,2.5,0.8,0.2,1.9,2.6,18.6
"393",445,"J.J. Redick","Shooting Guard",31,"LAC",75,75,2097,7.2,15.1,0.48,3.4,7.2,0.475,3.8,7.9,0.484,3.1,3.5,0.888,0.2,2.2,2.4,1.8,0.7,0.1,1.3,2.3,21
"394",447,"Josh Richardson","Shooting Guard",22,"MIA",52,2,1107,4,8.8,0.452,1.7,3.7,0.461,2.3,5.1,0.446,1.4,2,0.667,0.7,2.8,3.5,2.4,1.2,0.8,1.1,3.5,11.1
"395",448,"Austin Rivers","Shooting Guard",23,"LAC",67,7,1464,5.6,12.7,0.438,1.5,4.5,0.335,4,8.1,0.495,1.9,2.9,0.681,0.5,2.7,3.2,2.4,1.2,0.2,1.5,3.4,14.6
"396",449,"Andre Roberson","Shooting Guard",24,"OKC",70,70,1553,3.2,6.4,0.496,0.7,2.4,0.311,2.4,4,0.608,0.8,1.3,0.611,1.8,4,5.8,1.1,1.2,1,0.8,3.1,7.8
"397",450,"Brian Roberts","Point Guard",30,"POR",21,0,137,6,13.1,0.46,1.6,3.9,0.4,4.5,9.2,0.486,2.1,2.6,0.8,0.5,2.6,3.2,4.2,0.8,0.3,1.8,3.2,15.8
"398",451,"Brian Roberts","Point Guard",30,"CHO",30,0,333,5.5,12.4,0.443,1,2.9,0.333,4.5,9.5,0.477,3.7,4,0.919,0.4,2.7,3.1,4.1,0.8,0.1,1.7,2.5,15.7
"399",452,"Brian Roberts","Point Guard",30,"TOT",51,0,470,5.7,12.6,0.448,1.1,3.2,0.357,4.5,9.4,0.48,3.2,3.6,0.894,0.5,2.7,3.1,4.1,0.8,0.2,1.8,2.7,15.7
"400",453,"Glenn Robinson","Small Forward",22,"IND",45,4,508,4.6,10.7,0.43,1,2.6,0.378,3.6,8.1,0.447,1.9,2.8,0.692,0.9,4,4.8,1.8,1.2,0.6,1.3,1.5,12.1
"401",455,"Thomas Robinson","Power Forward",24,"BRK",71,7,917,5.1,11.4,0.447,0,0,0,5.1,11.4,0.448,1.8,4.3,0.431,5.3,8.8,14.1,1.8,1.5,1.4,2.7,4.4,12.1
"402",456,"Rajon Rondo","Point Guard",29,"SAC",72,72,2537,5,11.1,0.454,0.9,2.4,0.365,4.2,8.7,0.479,1.2,2.1,0.58,1.1,5.1,6.2,11.9,2,0.1,3.9,2.5,12.2
"403",457,"Derrick Rose","Point Guard",27,"CHI",66,66,2097,7.7,18,0.427,0.8,2.6,0.293,6.9,15.4,0.449,2.4,3.1,0.793,0.8,3.1,3.9,5.3,0.8,0.2,3,1.4,18.5
"404",458,"Terrence Ross","Small Forward",24,"TOR",73,7,1747,5.6,12.9,0.431,2.7,7,0.386,2.9,5.9,0.484,1,1.3,0.79,0.4,3.4,3.8,1.2,1.1,0.5,0.9,2.5,14.8
"405",459,"Terry Rozier","Point Guard",21,"BOS",39,0,311,3.4,12.3,0.274,0.7,3.1,0.222,2.7,9.1,0.291,0.9,1.2,0.8,2.8,4.5,7.3,4.3,0.7,0.1,2.2,2.7,8.3
"406",460,"Ricky Rubio","Point Guard",25,"MIN",76,76,2323,3.4,9.1,0.374,1,2.9,0.326,2.4,6.1,0.396,4.1,4.9,0.847,0.6,4.4,5.1,10.2,2.5,0.2,3,3.1,11.9
"407",461,"Damjan Rudez","Small Forward",29,"MIN",33,0,277,3.2,8.1,0.403,2.2,6.5,0.34,1,1.6,0.667,1,1,1,0.6,1.9,2.6,1.4,0.4,0.1,1.7,4.3,9.7
"408",462,"Brandon Rush","Shooting Guard",30,"GSW",72,25,1055,3.8,8.9,0.427,2.2,5.4,0.414,1.6,3.5,0.447,0.6,1,0.643,0.7,5.5,6.2,1.9,0.7,0.8,1.1,1.9,10.4
"409",463,"D'Angelo Russell","Point Guard",19,"LAL",80,48,2259,6.2,15.2,0.41,2.1,5.9,0.351,4.2,9.3,0.447,2.2,3,0.737,0.7,3.6,4.4,4.2,1.5,0.2,3.1,2.3,16.8
"410",465,"JaKarr Sampson","Small Forward",22,"DEN",26,22,469,4.1,8.8,0.47,0.6,2.2,0.276,3.5,6.6,0.535,1.4,1.9,0.72,1.2,3.5,4.7,1.2,0.9,1.3,1.5,3.9,10.3
"411",466,"JaKarr Sampson","Small Forward",22,"PHI",47,18,691,4.5,10.5,0.426,0.3,1.8,0.176,4.2,8.8,0.476,3.2,5.1,0.639,1.6,5.2,6.7,1.6,0.6,0.8,2.7,4.7,12.5
"412",467,"JaKarr Sampson","Small Forward",22,"TOT",73,40,1160,4.3,9.8,0.442,0.4,2,0.222,3.9,7.9,0.496,2.5,3.8,0.656,1.4,4.5,5.9,1.4,0.7,1,2.2,4.4,11.6
"413",468,"Dennis Schroder","Point Guard",22,"ATL",80,6,1621,7.3,17.3,0.421,1.7,5.3,0.322,5.6,12,0.465,3.2,4,0.791,0.6,4,4.5,7.8,1.6,0.2,4.1,3.1,19.5
"414",469,"Luis Scola","Power Forward",35,"TOR",76,76,1636,5.9,13.2,0.45,1.4,3.5,0.404,4.5,9.6,0.467,1.3,1.8,0.726,1.8,6.1,7.9,1.5,1,0.6,1.5,3.9,14.6
"415",470,"Mike Scott","Power Forward",27,"ATL",75,0,1146,5.5,11.8,0.468,1.9,5,0.392,3.6,6.8,0.523,1.6,2,0.794,1.7,4.8,6.5,2.5,0.8,0.5,1.3,3.2,14.6
"416",471,"Thabo Sefolosha","Small Forward",31,"ATL",75,11,1758,3.8,7.6,0.505,0.9,2.5,0.339,3,5.1,0.589,1.3,2,0.626,1.1,5.8,6.8,2.2,1.7,0.8,1.4,2.2,9.8
"417",472,"Kevin Seraphin","Center",26,"NYK",48,0,526,5.7,14,0.41,0,0.1,0,5.7,13.9,0.414,1.3,1.6,0.826,2.1,6.5,8.6,3.2,0.5,2.5,2.9,4.6,12.8
"418",473,"Ramon Sessions","Point Guard",29,"WAS",82,5,1667,6,12.8,0.473,0.8,2.4,0.324,5.3,10.4,0.507,4.6,6.1,0.756,0.5,3.8,4.4,5.2,1,0.1,2.5,2.2,17.5
"419",474,"Iman Shumpert","Shooting Guard",25,"CLE",54,5,1316,3.1,8.3,0.374,1.2,4,0.295,1.9,4.3,0.447,1.1,1.4,0.784,0.9,4.7,5.6,2.5,1.5,0.5,1.6,3.3,8.5
"420",475,"Jonathon Simmons","Shooting Guard",26,"SAS",55,2,813,5.4,10.7,0.504,0.8,2.1,0.383,4.6,8.6,0.533,3.1,4.1,0.75,0.7,3.5,4.3,2.6,1.1,0.2,2.3,4.6,14.7
"421",477,"Kyle Singler","Small Forward",27,"OKC",68,2,977,3.2,8.1,0.389,1.1,3.6,0.309,2.1,4.6,0.452,1.1,1.6,0.659,1.8,3.4,5.2,0.9,1.1,0.3,1.2,4.4,8.5
"422",478,"Donald Sloan","Point Guard",28,"BRK",61,33,1318,4.2,9.6,0.44,1,2.7,0.384,3.2,6.9,0.462,2.1,2.8,0.75,0.5,4.3,4.7,7.3,0.9,0.1,2.2,2,11.6
"423",479,"Marcus Smart","Point Guard",21,"BOS",61,10,1667,4,11.4,0.348,1.3,5.2,0.253,2.7,6.2,0.427,2.8,3.6,0.777,1.6,3.9,5.5,4,2,0.4,1.7,4,12.1
"424",481,"Ish Smith","Point Guard",27,"PHI",50,50,1622,6.6,16.4,0.405,1,3,0.336,5.6,13.4,0.42,2,3,0.669,0.6,4.1,4.7,7.7,1.4,0.4,2.9,2.1,16.3
"425",482,"Ish Smith","Point Guard",27,"NOP",27,3,617,5.7,13.3,0.43,0.6,1.9,0.303,5.1,11.4,0.451,1.9,2.5,0.767,0.8,4.6,5.4,9,1.4,0.4,2.6,2.2,13.9
"426",483,"Ish Smith","Point Guard",27,"TOT",77,53,2239,6.4,15.5,0.411,0.9,2.7,0.329,5.5,12.8,0.428,2,2.8,0.693,0.7,4.2,4.9,8.1,1.4,0.4,2.8,2.1,15.6
"427",484,"J.R. Smith","Shooting Guard",30,"CLE",77,77,2362,5.4,13,0.415,3.1,7.8,0.4,2.3,5.2,0.438,0.7,1.1,0.634,0.7,2.7,3.3,2,1.2,0.3,0.9,3.1,14.6
"428",485,"Jason Smith","Center",29,"ORL",76,2,1181,7.4,15.3,0.485,0.1,0.5,0.25,7.3,14.8,0.493,1.6,2,0.806,1.6,5.1,6.7,1.9,1,2,1.7,5,16.6
"429",486,"Josh Smith","Power Forward",30,"HOU",23,6,421,5,14.5,0.343,2,7.3,0.271,3,7.2,0.417,1,2.1,0.48,1.5,4.2,5.7,4.1,1.4,1.1,3.1,4.8,12.9
"430",487,"Josh Smith","Power Forward",30,"LAC",32,1,459,5.4,14.1,0.383,1.4,4.5,0.31,4,9.6,0.418,2,3.3,0.595,2.6,7.2,9.8,3.3,1.4,2.7,3.2,4.9,14.2
"431",488,"Josh Smith","Power Forward",30,"TOT",55,7,880,5.2,14.3,0.364,1.7,5.9,0.287,3.5,8.4,0.417,1.5,2.7,0.552,2.1,5.8,7.9,3.7,1.4,1.9,3.2,4.8,13.6
"432",489,"Russ Smith","Point Guard",24,"MEM",15,0,66,3.8,12,0.318,0.5,2.7,0.2,3.3,9.3,0.353,4.4,7.1,0.615,0.5,4.4,4.9,6,2.7,0.5,3.8,2.7,12.5
"433",490,"Tony Snell","Small Forward",24,"CHI",64,33,1301,3.5,9.4,0.372,1.5,4.3,0.361,1.9,5.1,0.38,0.8,0.9,0.909,0.5,5,5.5,1.7,0.4,0.5,1.4,2.8,9.4
"434",491,"Marreese Speights","Center",28,"GSW",72,0,832,8.5,19.7,0.432,1,2.7,0.387,7.5,17,0.439,4.1,4.9,0.825,3.3,7,10.3,2.6,0.8,1.5,2.9,5.1,22.2
"435",492,"Tiago Splitter","Center",31,"ATL",36,2,579,5,9.6,0.523,0,0.1,0,5,9.5,0.529,2.4,3,0.813,2.8,4.7,7.5,1.9,1.2,0.7,1.5,4.4,12.5
"436",493,"Nik Stauskas","Shooting Guard",22,"PHI",73,35,1809,4.2,10.8,0.385,2.1,6.5,0.326,2.1,4.4,0.473,1.8,2.3,0.771,0.5,3.2,3.6,2.7,0.9,0.4,1.9,2.3,12.3
"437",494,"Lance Stephenson","Small Forward",25,"MEM",26,3,692,7.6,16,0.474,0.6,1.6,0.355,7,14.4,0.487,3.4,4.2,0.815,1.1,4.9,6,3.8,1,0.3,2.4,2.9,19.2
"438",495,"Lance Stephenson","Small Forward",25,"LAC",43,10,680,4.3,8.8,0.494,1,2.5,0.404,3.3,6.3,0.529,1.1,1.6,0.7,1,4.7,5.7,3.2,1.3,0.2,2.5,4.2,10.8
"439",496,"Lance Stephenson","Small Forward",25,"TOT",69,13,1372,6,12.4,0.481,0.8,2,0.385,5.2,10.4,0.5,2.3,2.9,0.784,1,4.8,5.9,3.5,1.1,0.2,2.5,3.5,15
"440",504,"Rodney Stuckey","Point Guard",29,"IND",58,1,1275,5.2,12.5,0.413,0.6,2.3,0.241,4.6,10.2,0.453,3.7,4.5,0.829,0.5,3.9,4.4,4,1.2,0.2,2.1,2.2,14.6
"441",505,"Jared Sullinger","Power Forward",23,"BOS",81,73,1915,6.6,15.2,0.435,0.5,1.9,0.282,6.1,13.2,0.458,1.9,3,0.64,3.6,9,12.7,3.5,1.4,0.9,1.9,3.9,15.7
"442",507,"Jeff Teague","Point Guard",27,"ATL",79,78,2255,6.9,15.8,0.439,1.8,4.4,0.4,5.2,11.4,0.454,4.2,5,0.837,0.5,2.9,3.4,7.5,1.5,0.4,3.5,2.7,19.8
"443",508,"Mirza Teletovic","Power Forward",30,"PHO",79,1,1686,7.1,16.6,0.427,3.9,9.8,0.393,3.2,6.8,0.476,2.6,3.3,0.774,1.2,5.3,6.4,1.9,0.7,0.4,1.8,3.4,20.6
"444",509,"Garrett Temple","Small Forward",29,"WAS",80,43,1951,3.7,9.3,0.398,1.6,4.8,0.345,2.1,4.6,0.453,1.7,2.3,0.728,0.7,3.2,3.9,2.6,1.3,0.3,1.2,3.6,10.7
"445",510,"Jason Terry","Shooting Guard",38,"HOU",72,7,1258,4.3,10.8,0.402,2.7,7.5,0.356,1.7,3.3,0.504,0.8,0.9,0.818,0.4,1.9,2.3,2.9,1.3,0.3,1.4,2.6,12.1
"446",511,"Isaiah Thomas","Point Guard",26,"BOS",82,79,2644,8,18.8,0.428,2.3,6.3,0.359,5.8,12.5,0.462,6.5,7.4,0.871,0.6,2.7,3.3,6.9,1.2,0.1,3,2.3,24.8
"447",512,"Lance Thomas","Power Forward",27,"NYK",59,5,1313,4.6,10.5,0.442,1.2,3,0.404,3.4,7.5,0.458,2.8,3.3,0.857,0.9,2.7,3.6,1.5,0.6,0.2,1.6,3,13.3
"448",513,"Hollis Thompson","Shooting Guard",24,"PHI",77,17,2154,4.5,11.4,0.397,2.5,6.6,0.38,2,4.8,0.42,1.2,1.6,0.719,0.9,3.6,4.5,1.7,0.6,0.4,1.3,3.1,12.7
"449",514,"Jason Thompson","Center",29,"TOR",19,6,292,3.9,8.1,0.485,0.6,1.8,0.333,3.3,6.3,0.529,2.2,2.7,0.818,2.7,7.2,9.9,1.2,1,1.5,1,4.9,10.7
"450",516,"Jason Thompson","Center",29,"TOT",47,7,471,4,8.3,0.481,0.4,1.1,0.333,3.6,7.1,0.505,2.9,4.1,0.704,2.4,7.8,10.2,2.2,0.9,1.5,1.1,6.1,11.2
"451",517,"Klay Thompson","Shooting Guard",25,"GSW",80,80,2666,8.8,18.7,0.47,3.7,8.8,0.425,5.1,9.9,0.51,2.6,3,0.873,0.5,3.7,4.1,2.2,0.8,0.7,1.9,2.1,23.9
"452",519,"Marcus Thornton","Shooting Guard",28,"WAS",14,2,224,6.8,17.2,0.393,2.9,8.7,0.333,3.9,8.5,0.453,2.6,3.4,0.762,1.1,4.5,5.6,3.1,2.1,0.2,1.8,2.7,19
"453",520,"Marcus Thornton","Shooting Guard",28,"HOU",47,6,885,7.1,17.7,0.4,3,8.8,0.338,4.1,8.9,0.461,2.1,2.4,0.879,1.3,3.4,4.7,2.7,1.4,0.1,1.6,3,19.2
"454",521,"Marcus Thornton","Shooting Guard",28,"TOT",61,8,1109,7,17.6,0.399,3,8.8,0.337,4.1,8.8,0.46,2.2,2.6,0.848,1.2,3.6,4.9,2.8,1.5,0.1,1.7,2.9,19.2
"455",522,"Anthony Tolliver","Power Forward",30,"DET",72,5,1341,3.4,8.9,0.386,2.6,7.3,0.36,0.8,1.6,0.5,0.8,1.3,0.617,1,5.1,6.1,1.4,0.7,0.4,0.8,2.3,10.3
"456",523,"Axel Toupane","Small Forward",23,"DEN",21,0,305,3,8.3,0.357,1.5,4.7,0.325,1.4,3.5,0.4,1.5,2,0.765,0.9,2.7,3.7,1.8,0.8,0.7,0.7,4.7,9
"457",524,"Karl-Anthony Towns","Center",20,"MIN",82,82,2627,8.6,15.8,0.542,0.4,1.2,0.341,8.2,14.6,0.559,3.1,3.8,0.811,3.1,8.6,11.7,2.2,0.8,1.9,2.5,3.4,20.6
"458",525,"P.J. Tucker","Small Forward",30,"PHO",82,80,2540,3.4,8.2,0.411,1,2.9,0.33,2.4,5.3,0.455,1.5,2,0.746,2.3,4.9,7.3,2.5,1.5,0.3,1.6,2.9,9.2
"459",526,"Evan Turner","Shooting Guard",27,"BOS",81,12,2271,5.4,11.9,0.456,0.3,1.3,0.241,5.1,10.6,0.482,2.3,2.8,0.827,0.8,5.5,6.3,5.7,1.3,0.4,2.7,2.2,13.5
"460",527,"Myles Turner","Center",19,"IND",60,30,1367,7,14,0.498,0.1,0.4,0.214,6.9,13.6,0.506,2.3,3.2,0.727,1.8,7,8.7,1.1,0.7,2.3,1.8,4.2,16.3
"461",528,"Beno Udrih","Point Guard",33,"MIA",36,5,587,4,9.3,0.434,0.7,2,0.333,3.4,7.3,0.462,0.9,1,0.882,0.4,3.5,3.9,5.5,0.7,0,2.6,2.5,9.7
"462",529,"Beno Udrih","Point Guard",33,"MEM",8,0,120,6,13.8,0.435,1.2,3.3,0.364,4.8,10.5,0.457,0.9,0.9,1,0.6,2.1,2.7,7.8,0.9,0.3,3.3,3.3,14.1
"463",530,"Beno Udrih","Point Guard",33,"TOT",44,5,707,4.4,10.1,0.434,0.8,2.2,0.341,3.6,7.8,0.461,0.9,1,0.9,0.4,3.3,3.7,5.9,0.7,0.1,2.7,2.6,10.4
"464",533,"Anderson Varejao","Center",33,"CLE",31,0,310,3.7,8.8,0.421,0,0.1,0,3.7,8.7,0.427,1.9,2.4,0.762,2.8,7.8,10.6,2.3,1.3,0.6,1.9,4.1,9.3
"465",534,"Anderson Varejao","Center",33,"TOT",53,0,496,3.8,9,0.427,0,0.1,0,3.8,8.9,0.431,2.3,3.6,0.64,2.7,7.5,10.2,2.5,1.2,0.7,1.6,5.1,10
"466",535,"Greivis Vasquez","Point Guard",29,"MIL",23,0,460,3.5,10.8,0.326,1.4,5.7,0.247,2.1,5.1,0.415,1.7,2,0.846,0.4,3.3,3.7,7.1,0.8,0,3.1,3.3,10.2
"467",536,"Rashad Vaughn","Shooting Guard",19,"MIL",70,6,1001,2.9,9.6,0.305,1.5,5.3,0.293,1.4,4.3,0.319,0.4,0.5,0.8,0.4,2.8,3.2,1.4,1,0.6,1,2.6,7.8
"468",537,"Charlie Villanueva","Power Forward",31,"DAL",62,4,665,6.8,17.7,0.382,2.5,9.3,0.273,4.2,8.4,0.503,1.2,1.3,0.917,1.3,6.9,8.2,1.3,1,0.8,1.7,3.8,17.3
"469",538,"Noah Vonleh","Power Forward",20,"POR",78,56,1174,3.6,8.5,0.421,0.3,1.4,0.239,3.3,7.1,0.457,1.2,1.6,0.745,2.8,6.6,9.4,0.9,0.8,0.8,1.5,4.7,8.7
"470",539,"Nikola Vucevic","Center",25,"ORL",65,60,2037,9.4,18.5,0.51,0,0.2,0.222,9.4,18.3,0.512,2,2.7,0.753,3.1,7.1,10.2,3.2,0.9,1.2,2.2,3.1,20.9
"471",540,"Sasha Vujacic","Shooting Guard",31,"NYK",61,25,908,4.2,11,0.383,2.1,5.7,0.364,2.1,5.3,0.403,1.3,1.5,0.821,1,4.9,5.9,3.3,1.3,0.2,1.7,3.3,11.7
"472",541,"Dwyane Wade","Shooting Guard",34,"MIA",74,73,2258,8.6,18.9,0.456,0.1,0.7,0.159,8.5,18.2,0.468,5.1,6.5,0.793,1.3,3.5,4.8,5.5,1.3,0.7,3.2,1.8,22.5
"473",542,"Dion Waiters","Shooting Guard",24,"OKC",78,15,2152,4.7,11.8,0.399,1.4,4,0.358,3.3,7.8,0.421,1.9,2.6,0.713,0.6,2.8,3.4,2.6,1.4,0.3,2,2.4,12.7
"474",543,"Kemba Walker","Point Guard",25,"CHO",81,81,2885,7.1,16.6,0.427,2.3,6.1,0.371,4.8,10.5,0.459,4.6,5.5,0.847,0.7,3.8,4.5,5.3,1.6,0.5,2.1,1.4,21.1
"475",544,"John Wall","Point Guard",25,"WAS",77,77,2784,7.4,17.4,0.424,1.5,4.2,0.351,5.9,13.2,0.448,3.5,4.4,0.791,0.5,4.4,4.9,10.2,1.9,0.8,4.1,2.1,19.8
"476",545,"T.J. Warren","Small Forward",22,"PHO",47,4,1070,7.4,14.8,0.501,0.9,2.4,0.4,6.5,12.5,0.52,1.5,2.2,0.703,1.9,3,4.9,1.5,1.2,0.5,1.1,3.2,17.3
"477",546,"C.J. Watson","Point Guard",31,"ORL",33,2,656,2.6,7.5,0.343,0.8,2.6,0.292,1.8,4.9,0.371,1.9,2.1,0.872,0.5,3.1,3.6,4.8,1,0.3,1.4,2.7,7.8
"478",548,"Briante Weber","Point Guard",23,"MEM",6,4,166,2.8,8.2,0.342,0,1.1,0,2.8,7.2,0.394,0.7,0.9,0.75,1.7,3.5,5.2,4.3,2,0.7,2,2.4,6.3
"479",549,"Briante Weber","Point Guard",23,"TOT",7,4,169,3,8.3,0.359,0,1.1,0,3,7.2,0.412,0.6,0.9,0.75,1.7,3.6,5.3,4.5,1.9,0.6,1.9,2.6,6.6
"480",550,"Sonny Weems","Small Forward",29,"PHI",7,0,78,3.2,9.7,0.333,0.9,4.2,0.222,2.3,5.5,0.417,0.5,0.9,0.5,0.5,5.1,5.5,0.9,0,0,1.8,3.2,7.8
"481",551,"Sonny Weems","Shooting Guard",29,"PHO",36,0,421,3,7.6,0.393,1.1,2.7,0.406,1.9,4.9,0.386,0.6,1.1,0.538,0.5,3,3.5,4,0.9,0.1,3.2,3.4,7.7
"482",553,"David West","Power Forward",35,"SAS",78,19,1404,6.3,11.5,0.545,0.1,0.2,0.429,6.2,11.3,0.546,1.6,2.1,0.788,1.8,6.1,7.9,3.7,1.1,1.4,1.7,3.6,14.2
"483",554,"Russell Westbrook","Point Guard",27,"OKC",80,80,2750,8.6,18.9,0.454,1.3,4.5,0.296,7.3,14.4,0.503,6.1,7.5,0.812,1.9,6.3,8.2,10.9,2.1,0.3,4.5,2.6,24.6
"484",556,"Shayne Whittington","Power Forward",24,"IND",7,0,41,4.4,9.7,0.455,0,1.8,0,4.4,7.9,0.556,0.9,1.8,0.5,4.4,6.1,10.5,2.6,0.9,0.9,4.4,6.1,9.7
"485",557,"Andrew Wiggins","Small Forward",20,"MIN",81,81,2845,7.5,16.4,0.459,0.7,2.4,0.3,6.8,14,0.486,5.4,7.1,0.761,1.3,2.4,3.7,2.1,1,0.6,2.3,2.1,21.2
"486",558,"C.J. Wilcox","Shooting Guard",25,"LAC",23,0,167,5.6,14.2,0.394,1.9,5,0.391,3.7,9.3,0.395,1.9,2.6,0.75,0.2,2.4,2.6,2.2,2.2,0.4,0.4,3.2,15.1
"487",560,"Deron Williams","Point Guard",31,"DAL",65,63,2106,5.5,13.2,0.414,1.7,4.8,0.344,3.8,8.4,0.454,3.1,3.5,0.869,0.3,2.9,3.2,6.5,1,0.2,2.6,2.6,15.7
"488",561,"Derrick Williams","Small Forward",24,"NYK",80,9,1435,6.4,14.2,0.45,1.1,3.8,0.293,5.3,10.4,0.506,4.9,6.4,0.758,1.2,6.2,7.4,1.9,0.7,0.2,1.5,1.7,18.7
"489",562,"Elliot Williams","Point Guard",26,"MEM",5,0,45,1.6,8,0.2,0.8,3.2,0.25,0.8,4.8,0.167,2.4,3.2,0.75,0.8,2.4,3.2,3.2,0,0,0.8,1.6,6.4
"490",563,"Lou Williams","Shooting Guard",29,"LAL",67,35,1907,5.3,13.1,0.408,2.1,6,0.344,3.3,7,0.464,6.6,8,0.83,0.6,2.6,3.2,3.2,1.2,0.4,2,2,19.4
"491",564,"Marvin Williams","Power Forward",29,"CHO",81,81,2338,5.2,11.5,0.452,2.3,5.8,0.402,2.9,5.7,0.504,1.8,2.2,0.833,2,6.1,8,1.7,0.9,1.2,1,2,14.6
"492",565,"Mo Williams","Point Guard",33,"CLE",41,14,748,6.4,14.5,0.437,1.7,4.9,0.353,4.6,9.6,0.48,1.8,2,0.905,0.3,3.2,3.5,4.7,0.7,0.2,2.7,2.9,16.3
"493",566,"Justise Winslow","Small Forward",19,"MIA",78,8,2232,3.1,7.5,0.422,0.5,1.9,0.276,2.6,5.6,0.471,1.3,1.9,0.684,1.3,5.2,6.5,1.9,1.1,0.4,1.5,3,8.1
"494",567,"Jeff Withey","Center",25,"UTA",51,10,658,4.8,8.9,0.537,0,0.1,0,4.8,8.8,0.544,2.4,3.2,0.729,3.1,6.4,9.5,1.1,1.1,2.9,1.5,4.1,11.9
"495",568,"Christian Wood","Power Forward",20,"PHI",17,0,145,5.5,13.2,0.415,1,2.7,0.364,4.5,10.4,0.429,3.2,5.2,0.619,3.2,6.2,9.4,0.7,1.2,1.7,0.5,2.7,15.1
"496",569,"Metta World Peace","Small Forward",36,"LAL",35,5,590,3.4,10.8,0.311,1.6,5.1,0.31,1.8,5.7,0.312,2.4,3.5,0.702,1.2,4.3,5.4,1.6,1.3,0.7,0.9,4.1,10.7
"497",571,"Delon Wright","Point Guard",23,"TOR",27,1,229,5.7,12.6,0.45,0.8,2,0.385,4.9,10.5,0.463,4.1,5.5,0.743,1.3,4.6,5.8,4.9,1.3,0.5,2.5,1.1,16.2
"498",572,"Tony Wroten","Point Guard",22,"PHI",8,3,144,5.5,16.2,0.338,0.7,4.2,0.176,4.7,12,0.396,5,9.2,0.541,0.5,4.7,5.2,5,0.7,0,7.2,2.7,16.7
"499",573,"James Young","Shooting Guard",20,"BOS",29,0,199,2,6.5,0.306,1.1,4.7,0.231,0.9,1.8,0.5,0.2,0.7,0.25,0.7,4,4.7,1.6,1.1,0.2,0.9,3.1,5.2
"500",574,"Joe Young","Point Guard",23,"IND",41,0,384,5.8,15.8,0.367,0.9,4.3,0.217,4.9,11.5,0.423,1.9,2.3,0.8,0.6,4.1,4.7,6.1,1.4,0,3.1,2.8,14.4
"501",575,"Nick Young","Shooting Guard",30,"LAL",54,2,1033,4.4,13,0.339,2.7,8.3,0.325,1.7,4.7,0.363,2.2,2.6,0.829,0.5,2.9,3.4,1.2,0.8,0.2,1,1.7,13.7
"502",576,"Thaddeus Young","Power Forward",27,"BRK",73,73,2407,7.4,14.4,0.514,0.1,0.4,0.233,7.3,14,0.523,1.6,2.4,0.644,2.6,7.2,9.9,2,1.7,0.6,2,2.7,16.5
"503",577,"Cody Zeller","Center",23,"CHO",73,60,1774,4.7,8.9,0.529,0,0.2,0.1,4.7,8.7,0.539,3.6,4.7,0.754,2.8,6.4,9.2,1.4,1.2,1.3,1.4,4.1,12.9
